,Unnamed: 0,Plate,City,District,Ad Name,Prices Value,Currency,region,Lat,Lon
0,111,1,Adana,Ceyhan,DEĞİŞENSİZ 2011 1.5 DCİ DYNAMiQUE PAKET,249.0,TL,Akdeniz,37.0,35.3213333
1,186,1,Adana,Ceyhan,TEMİZ MEMUR ARACI,428.0,TL,Akdeniz,37.0,35.3213333
2,743,1,Adana,Ceyhan,Renault FLUENCE sahibinden..,350.0,TL,Akdeniz,37.0,35.3213333
3,791,1,Adana,Ceyhan,Öğretmenden Boyasız Değişensiz Acil !!,425.0,TL,Akdeniz,37.0,35.3213333
4,134,1,Adana,Kozan,2012 PRİVİLEGE PAKET OLUP MODELİNİN EN FULLU,410.0,TL,Akdeniz,37.0,35.3213333
5,642,1,Adana,Kozan,BOYASIZ HATASIZ OTOMATİK VİTES,497.5,TL,Akdeniz,37.0,35.3213333
6,256,1,Adana,Sarıçam,aile arabasıdır,315.0,TL,Akdeniz,37.0,35.3213333
7,168,1,Adana,Seyhan,ERTAŞ OTOMOTİV 2016 FLUENCE 1.5 TOUCH DİZEL OTOMATİK-BAKIMLI,417.5,TL,Akdeniz,37.0,35.3213333
8,227,1,Adana,Seyhan,Düşük KM. İhtiyaç FAZLASI Çok Temiz,445.0,TL,Akdeniz,37.0,35.3213333
9,264,1,Adana,Seyhan,2013-RENAULT-F­LUENCE-JOY-1.5 DCİ-110 HP-OTOMATİK-,327.0,TL,Akdeniz,37.0,35.3213333
10,302,1,Adana,Seyhan,DİNÇ AUTO'dan 2010 RENAULT FLUENCE 1.5 DCI Expression,254.95,TL,Akdeniz,37.0,35.3213333
11,350,1,Adana,Seyhan,Sahibinden Satılık Gönül Rahatlığıyla Alabileceğiniz Bir Araç,305.0,TL,Akdeniz,37.0,35.3213333
12,402,1,Adana,Seyhan,OTOMATİK TÜM BAKIMLARI YENİ MASRAFSIZ,298.0,TL,Akdeniz,37.0,35.3213333
13,492,1,Adana,Seyhan,ÇOK TEMİZ ARACIM,377.5,TL,Akdeniz,37.0,35.3213333
14,511,1,Adana,Seyhan,DESTAN DAN 1.5 Dizel EXTREM,209.0,TL,Akdeniz,37.0,35.3213333
15,572,1,Adana,Seyhan,2013 MODEL TOCH PLUS ORJİNAL KİLOMETRE ANAHTARSIZ ÇALIŞTIRMA,278.5,TL,Akdeniz,37.0,35.3213333
16,644,1,Adana,Seyhan,2012 MODEL EN DOLUSU SANRUFLU OTOMATİK HATASIZ PRİVİLİGE FLUENCE,354.75,TL,Akdeniz,37.0,35.3213333
17,669,1,Adana,Seyhan,OK AUTO DAN KREDİYE UYGUN 2012 MODEL 1.5 DCİ OTOMATİK FLUENCE,229.9,TL,Akdeniz,37.0,35.3213333
18,720,1,Adana,Seyhan,2010 MODEL HATASIZ SUNROOF LU DİZEL1.5 dCi İLK ELDEN,379.0,TL,Akdeniz,37.0,35.3213333
19,288,1,Adana,Yüreğir,Aile aracı alıcısına hayırlı olsun,370.0,TL,Akdeniz,37.0,35.3213333
20,483,1,Adana,Yüreğir,RENAULT FULUNCE HATASIZ,345.0,TL,Akdeniz,37.0,35.3213333
21,607,1,Adana,Yüreğir,İHTİYAÇTAN SATILIK,367.5,TL,Akdeniz,37.0,35.3213333
22,221,1,Adana,Çukurova,Renault Fluence hatasız degisensiz Fluence joy paket,390.0,TL,Akdeniz,37.0,35.3213333
23,625,1,Adana,Çukurova,2013 DİZEL OTOMATİK FLUENCE TERTEMİZ,320.0,TL,Akdeniz,37.0,35.3213333
24,348,2,Adıyaman,Besni,HATASIZ BOYASIZ MÜKEMMEL,362.5,TL,Guney Dogu,37.7641667,38.2761667
25,139,2,Adıyaman,Kahta,Çok acil satılık hatasız ayarında 150 binde sadece,379.75,TL,Guney Dogu,37.7641667,38.2761667
26,525,2,Adıyaman,Kahta,DÜŞÜK KM +OTOMATİK+YENİ BAKIMLI,447.0,TL,Guney Dogu,37.7641667,38.2761667
27,829,2,Adıyaman,Kahta,sahibinden,400.0,TL,Guney Dogu,37.7641667,38.2761667
28,831,2,Adıyaman,Kahta,HATASIZ BOYASIZ DEĞİŞENSİZ HASARSIZ,405.0,TL,Guney Dogu,37.7641667,38.2761667
29,272,2,Adıyaman,Merkez,HATASIZ! BOYASIZ! DEĞİŞENSİZ! RENAULT FLUENCE!,395.0,TL,Guney Dogu,37.7641667,38.2761667
30,299,2,Adıyaman,Merkez,Orjinal düşük km,415.0,TL,Guney Dogu,37.7641667,38.2761667
31,415,2,Adıyaman,Merkez,DÜNYA AUTODAN FLUENS,375.0,TL,Guney Dogu,37.7641667,38.2761667
32,443,2,Adıyaman,Merkez,2014 çikisli 6 ileri 110 luk biniciye ozel,427.0,TL,Guney Dogu,37.7641667,38.2761667
33,500,2,Adıyaman,Merkez,ŞEKER AUTO'DAN HATASIZ OTOMATİK 1.5DCİ FLUENCE TOUCH PLUS ......,392.5,TL,Guney Dogu,37.7641667,38.2761667
34,916,2,Adıyaman,Merkez,BOYASIZ HATASIZ ÇOK TEMİZ HIZ SABİTLEME ÇELİK JANT,412.5,TL,Guney Dogu,37.7641667,38.2761667
35,142,3,Afyonkarahisar,Merkez,HATASIZ/OTOMATİ­K/HASAR/KAYITSI­Z/2PARÇA/BOYALI,349.0,TL,Ege,38.76376,30.54034
36,708,3,Afyonkarahisar,Merkez,Ucuz otomatik,269.9,TL,Ege,38.76376,30.54034
37,78,68,Aksaray,Merkez,2016 MODEL RENAULT FLUENCE,450.0,TL,Ic Anadolu,38.36869,34.03698
38,224,68,Aksaray,Merkez,Simay'dan 2011 Hatasız 128.000Km Fluence 1.5 DCI Dynamıque 105Hp,385.0,TL,Ic Anadolu,38.36869,34.03698
39,249,68,Aksaray,Merkez,!!!HATASIZ DEĞİŞENSİZ!!!,365.0,TL,Ic Anadolu,38.36869,34.03698
40,620,68,Aksaray,Merkez,DEĞİŞENSİZ 124 BİN KM FLUENCE,395.0,TL,Ic Anadolu,38.36869,34.03698
41,664,68,Aksaray,Merkez,GENÇLER MOTORS'DAN HATASIZZ BOYASIZZ FLUANCE TOUCH PLUS,414.75,TL,Ic Anadolu,38.36869,34.03698
42,774,68,Aksaray,Merkez,FATİH MOTORS'TAN CAM GİBİ OTOMATİK TOUCH PLUS...,459.9,TL,Ic Anadolu,38.36869,34.03698
43,793,68,Aksaray,Merkez,2012 Model Fluence Business,310.0,TL,Ic Anadolu,38.36869,34.03698
44,556,5,Amasya,Merzifon,HATASIZ BOYASIZ 2015 ICON,435.78,TL,Kara Deniz,40.65,35.8333333
45,15,6,Ankara,Akyurt,2016 MODEL REANULT FLUENCE 1.5 dCi TOUCH HATASIZ BOYASIZ,419.75,TL,Ic Anadolu,39.92077,32.85411
46,165,6,Ankara,Akyurt,2013 FLUENCE DİZEL OTOMATİK TOUCH PLUS HATASIZ,372.5,TL,Ic Anadolu,39.92077,32.85411
47,242,6,Ankara,Akyurt,AKBABA OTOMOTİVDEN ICON EN DOLUSU MOTOR YÜRÜYENİ GÜZEL,395.0,TL,Ic Anadolu,39.92077,32.85411
48,429,6,Ankara,Akyurt,Sahibinden otomatik boyasız değişensiz,373.0,TL,Ic Anadolu,39.92077,32.85411
49,522,6,Ankara,Akyurt,ACUN MOTOR'S ORİJİNAL HATASIZ BOYASIZ* DEĞİŞENSİZ 6 İLERİ,310.0,TL,Ic Anadolu,39.92077,32.85411
50,666,6,Ankara,Akyurt,YENİ KASA 2013 FLUENCE 1.5 DCİ TAM OTOMATİK MANTIKLI TAKAS OLUR,309.75,TL,Ic Anadolu,39.92077,32.85411
51,275,6,Ankara,Altındağ,SAHIBINDEN ARAC FAZLALIĞI,245.0,TL,Ic Anadolu,39.92077,32.85411
52,504,6,Ankara,Altındağ,HATASIZZ DEĞİŞENSİZ KUSURSUZ FULL EXTRA CRUİSE CONTROL VS VS,422.5,TL,Ic Anadolu,39.92077,32.85411
53,545,6,Ankara,Altındağ,ÖZ TAŞTAN'DAN 2012 EXTREME EDİTİON PAKET,295.0,TL,Ic Anadolu,39.92077,32.85411
54,839,6,Ankara,Altındağ,DEDEDEN SATİLİK YAŞIMDAN DOLOYİ ARTİK BİNEMİYORUM,380.0,TL,Ic Anadolu,39.92077,32.85411
55,939,6,Ankara,Altındağ,OTOMATİK TERTEMİZ AİLE ARACI,247.5,TL,Ic Anadolu,39.92077,32.85411
56,82,6,Ankara,Etimesgut,Sıfır alacağım,295.0,TL,Ic Anadolu,39.92077,32.85411
57,148,6,Ankara,Etimesgut,Renault Fluence temiz aile aracı,282.0,TL,Ic Anadolu,39.92077,32.85411
58,285,6,Ankara,Etimesgut,2013 MODEL 1.5 dci OTOMATİK JOY,345.0,TL,Ic Anadolu,39.92077,32.85411
59,319,6,Ankara,Etimesgut,"Memurdan Satılık Temiz, Hasar Kayıtsız, Boyasız Otomatik Fluence",420.0,TL,Ic Anadolu,39.92077,32.85411
60,419,6,Ankara,Etimesgut,Renault Flence Tertemiz,320.0,TL,Ic Anadolu,39.92077,32.85411
61,506,6,Ankara,Etimesgut,PLAKALI PERT KAYITSIZ 2010 RENOULT FLUNCE 1.5 dci,186.75,TL,Ic Anadolu,39.92077,32.85411
62,766,6,Ankara,Etimesgut,2016 model icon prestije full + full sunrooflu,458.0,TL,Ic Anadolu,39.92077,32.85411
63,930,6,Ankara,Etimesgut,eksiksiz fulance acil satlik,180.0,TL,Ic Anadolu,39.92077,32.85411
64,33,6,Ankara,Gölbaşı,sahıbınden degısensız otamatık fluence,370.0,TL,Ic Anadolu,39.92077,32.85411
65,127,6,Ankara,Gölbaşı,ACîîLSATLIK,345.0,TL,Ic Anadolu,39.92077,32.85411
66,454,6,Ankara,Gölbaşı,2012Fluence PRİVİLAGE 1.5dCİ 110bg OTOMATİK VİTES SUNROOF TOMTOM,375.0,TL,Ic Anadolu,39.92077,32.85411
67,155,6,Ankara,Haymana,HATASIZ İLK SAHİBİNDEN İCONN,425.0,TL,Ic Anadolu,39.92077,32.85411
68,137,6,Ankara,Keçiören,2014 FLUENCE HATASIZ DÜŞÜK KM ÇOK TEMİZ,397.0,TL,Ic Anadolu,39.92077,32.85411
69,144,6,Ankara,Keçiören,KEÇİRÖRENDE DİZEL OTOMATİK RENT A CAR KASKOLU ARAÇLAR,200.0,TL,Ic Anadolu,39.92077,32.85411
70,199,6,Ankara,Keçiören,2013 YENİ KASA FLUENCE 1.5 DCI,294.0,TL,Ic Anadolu,39.92077,32.85411
71,239,6,Ankara,Keçiören,CLASS RENT A CARS 2014 MODDEL FLUENCE,500.0,TL,Ic Anadolu,39.92077,32.85411
72,255,6,Ankara,Keçiören,Temiz 1.5 fluence,350.0,TL,Ic Anadolu,39.92077,32.85411
73,559,6,Ankara,Keçiören,Sahibinden fluance,375.0,TL,Ic Anadolu,39.92077,32.85411
74,568,6,Ankara,Keçiören,İCON DONANIM 2012 FLUENCE,390.0,TL,Ic Anadolu,39.92077,32.85411
75,637,6,Ankara,Keçiören,2015 FLUENCE DİZEL TOUCH TR'DE EN UYGUN,285.0,TL,Ic Anadolu,39.92077,32.85411
76,754,6,Ankara,Keçiören,HATASIZ TOUCH PLUS,358.0,TL,Ic Anadolu,39.92077,32.85411
77,878,6,Ankara,Keçiören,Sahibinden 2010 Fluence 1.5,290.0,TL,Ic Anadolu,39.92077,32.85411
78,375,6,Ankara,Kızılcahamam,SAHİBİNDEN 2013 HATASIZ FLUENCE 1.5 DCİ SERVİS BAKIMLI MASRAFSIZ,359.9,TL,Ic Anadolu,39.92077,32.85411
79,235,6,Ankara,Mamak,SAHİBİNDEN FIRSAT ARACI 224 BİN KM,278.0,TL,Ic Anadolu,39.92077,32.85411
80,328,6,Ankara,Mamak,SAHİBİNDEN 2016 FLUENCE ICON (PRESTIGE) - SUNROOF - E. EL FRENİ,410.0,TL,Ic Anadolu,39.92077,32.85411
81,369,6,Ankara,Mamak,MODEL RENAULT FLUENCE BUSİNESS 1.5 DCİ TEMİZ MASRAFSIZ ACİLLL,265.0,TL,Ic Anadolu,39.92077,32.85411
82,699,6,Ankara,Mamak,TEMİZ AİLE ARACII,247.0,TL,Ic Anadolu,39.92077,32.85411
83,832,6,Ankara,Mamak,185.000KM 2015 ÇIKIŞLI 1.5dCi İCON KAPUT TAVAN BAGAJ BOYASIZ,367.5,TL,Ic Anadolu,39.92077,32.85411
84,947,6,Ankara,Mamak,ACİL-DEĞİŞENS İZ-BOYASIZ-EN DOLUSU,420.0,TL,Ic Anadolu,39.92077,32.85411
85,353,6,Ankara,Polatlı,2011 OTOMATİK SUNROOF 1.6 PRİVİLEGE 130 BİN KM HATASIZ ORJİNAL,389.5,TL,Ic Anadolu,39.92077,32.85411
86,277,6,Ankara,Pursaklar,VE-KA CAR RENTAL - DİZEL OTOMATİK & MANUEL FLUENCE'LER,400.0,TL,Ic Anadolu,39.92077,32.85411
87,499,6,Ankara,Pursaklar,EMSALSİZ 3.5 PARÇA BOYALI DÜŞÜK KM TOUCH PLUS,377.5,TL,Ic Anadolu,39.92077,32.85411
88,595,6,Ankara,Pursaklar,SAHİBİNDEN 2014 MODEL 2015 ÇIKIŞ DEĞİŞENSİZ-BOYASIZ FLUENCE,320.0,TL,Ic Anadolu,39.92077,32.85411
89,126,6,Ankara,Sincan,HATASIZ BOYASIZ EMSALSİZ TEMİZLİKTE FLUENCE,412.5,TL,Ic Anadolu,39.92077,32.85411
90,438,6,Ankara,Sincan,emektarimizi satiyoruz,305.0,TL,Ic Anadolu,39.92077,32.85411
91,807,6,Ankara,Sincan,Pazarlıksız değişensiz 110luk,314.0,TL,Ic Anadolu,39.92077,32.85411
92,90,6,Ankara,Yenimahalle,İCON PRESTİJ HATASIZ BOYASIZ KAYITSIZ EXPER RAPORU MEVCUT,510.0,TL,Ic Anadolu,39.92077,32.85411
93,116,6,Ankara,Yenimahalle,KAMU ARAÇ SATIŞ MERKEZİNDEN RENAULT FLUENCE 2011 1.6,299.0,TL,Ic Anadolu,39.92077,32.85411
94,130,6,Ankara,Yenimahalle,Acilll ihtiyactan satılık Türkiye'nin en uygun aracı,216.0,TL,Ic Anadolu,39.92077,32.85411
95,152,6,Ankara,Yenimahalle,DESTİNA'dan 1.5DCİ EDC OTOMATİK İCON FLUANCE,415.0,TL,Ic Anadolu,39.92077,32.85411
96,201,6,Ankara,Yenimahalle,SERVİS BAKIMLI EN FULU,325.0,TL,Ic Anadolu,39.92077,32.85411
97,341,6,Ankara,Yenimahalle,2013 model dizel otomatik vites toch paket masrafsız,337.0,TL,Ic Anadolu,39.92077,32.85411
98,361,6,Ankara,Yenimahalle,VEKTÖR'DEN 2012 RENAULT FLUENCE DYNAMİGUE 1.5 DCİ OTOMATİK,295.0,TL,Ic Anadolu,39.92077,32.85411
99,541,6,Ankara,Yenimahalle,Değişensiz Boyasız Tramersiz Fluance,454.0,TL,Ic Anadolu,39.92077,32.85411
100,612,6,Ankara,Yenimahalle,HATASIZ BOYASIZ AİLE ARACI,387.5,TL,Ic Anadolu,39.92077,32.85411
101,727,6,Ankara,Yenimahalle,AZİZOĞLU PLAZA'DAN 2015 MODEL RENAULT FLUENCE 1.5 DCİ TOUCH,319.9,TL,Ic Anadolu,39.92077,32.85411
102,732,6,Ankara,Yenimahalle,R&M RENT ACAR DAN 1.5DCi TOUCH FLUENCE'LER UYGUN FİYATLARLA,400.0,TL,Ic Anadolu,39.92077,32.85411
103,778,6,Ankara,Yenimahalle,"TANER,DEN Fluence 1.5 DCi Otm Dynamic",299.0,TL,Ic Anadolu,39.92077,32.85411
104,859,6,Ankara,Yenimahalle,KUSURSUZ GÜZELLİK,565.0,TL,Ic Anadolu,39.92077,32.85411
105,890,6,Ankara,Yenimahalle,Ersoy'dan Fluence,315.0,TL,Ic Anadolu,39.92077,32.85411
106,114,6,Ankara,Çankaya,Hatasız Boyasız Otomatik 2016 Fluence Touch Plus,425.0,TL,Ic Anadolu,39.92077,32.85411
107,237,6,Ankara,Çankaya,RETRO MOTORS FLUENCE ICON EDC DİJİTAL KLİMA HIZ SABİTLEYİCİ,344.5,TL,Ic Anadolu,39.92077,32.85411
108,245,6,Ankara,Çankaya,Tertemiz Dizel Otomatik,407.5,TL,Ic Anadolu,39.92077,32.85411
109,370,6,Ankara,Çankaya,HATASIZ 108.000 KM'DE 2015 FLUENCE 1.5 dCİ İCON OTOMATİK,495.0,TL,Ic Anadolu,39.92077,32.85411
110,380,6,Ankara,Çankaya,SAHİBİNDEN TEMİZ AİLE ARACI,350.0,TL,Ic Anadolu,39.92077,32.85411
111,399,6,Ankara,Çankaya,"SAHİBİNDEN HATASIZ,BOYAS­IZ,DEĞİŞENSİZ OTOMATİK TOUCH FLUENCE",439.5,TL,Ic Anadolu,39.92077,32.85411
112,408,6,Ankara,Çankaya,2015 MODEL 120BİN KM TRAMERSİZ,378.5,TL,Ic Anadolu,39.92077,32.85411
113,571,6,Ankara,Çankaya,ATA HYUNDAI PLAZADAN 2015 RENAULT FLUENCE 1.5 DCİ TOUCH EDC,426.75,TL,Ic Anadolu,39.92077,32.85411
114,695,6,Ankara,Çankaya,2014 RENAULT FLUENCE 1.5 DCİ OTOMATİK HATASIZ DEĞİŞENSİZ BAKIMLI,388.5,TL,Ic Anadolu,39.92077,32.85411
115,711,6,Ankara,Çankaya,2016 dizel otomatik fluence icon,419.0,TL,Ic Anadolu,39.92077,32.85411
116,723,6,Ankara,Çankaya,2015 FLUENCE 1.5 DCİ İCON OTOMATİK - İLK SAHİB - %18 FATURALI,409.5,TL,Ic Anadolu,39.92077,32.85411
117,728,6,Ankara,Çankaya,ORJİNAL KM DE TEMİZ,355.0,TL,Ic Anadolu,39.92077,32.85411
118,803,6,Ankara,Çankaya,HATASIZ BOYASIZ MEMURDAN iCON,447.0,TL,Ic Anadolu,39.92077,32.85411
119,872,6,Ankara,Çankaya,Acil dizel otomatik 241kmde 2013 yeni kasa joy bakımlı temiz,271.0,TL,Ic Anadolu,39.92077,32.85411
120,959,6,Ankara,Çankaya,3 BEY MOTORS 2014 MODEL FLUENCE TOUCH HATASIZ-TRAMERSİZ,393.75,TL,Ic Anadolu,39.92077,32.85411
121,110,6,Ankara,Çubuk,TEMİZ KULLANILMIŞ DEĞİŞENSİZ-BOYASIZ,310.0,TL,Ic Anadolu,39.92077,32.85411
122,132,6,Ankara,Çubuk,FLUENCE 1.5DCİ TOUCH OTM.VTS HATASIZ KAZASIZ BOYASIZ 2015,379.0,TL,Ic Anadolu,39.92077,32.85411
123,31,6,Ankara,Şereflikoçhisar,HATASIZ FLUENCE GİDİYOR...,385.0,TL,Ic Anadolu,39.92077,32.85411
124,207,6,Ankara,Şereflikoçhisar,Memurdan Değişensiz Fluence,310.0,TL,Ic Anadolu,39.92077,32.85411
125,176,7,Antalya,Alanya,Dizel otomatik temiz feluenc,340.0,TL,Akdeniz,36.88414,30.70563
126,211,7,Antalya,Alanya,HATASIZ 2016 FLUENCE DİZEL OTOMATİK,420.0,TL,Akdeniz,36.88414,30.70563
127,623,7,Antalya,Alanya,2012 MODEL OTOMATİK VİTES,315.0,TL,Akdeniz,36.88414,30.70563
128,244,7,Antalya,Gazipaşa,LANSMAN RENGİ FÜME OTOMATİK 2011 FLUENCE,325.0,TL,Akdeniz,36.88414,30.70563
129,102,7,Antalya,Kepez,OTOMATİK VİTES 2016 MODEL RENAULT FLUENCE 1.5 DCI TOUCH-EDC,395.0,TL,Akdeniz,36.88414,30.70563
130,262,7,Antalya,Kepez,TOUCH PLUS OTOMATİK,345.0,TL,Akdeniz,36.88414,30.70563
131,274,7,Antalya,Kepez,2014 FLUANCE ICON 1.5 DCİ OTOMATİK-NAV.-EL FRENİ-225KM-HATASIZ,435.0,TL,Akdeniz,36.88414,30.70563
132,494,7,Antalya,Kepez,İlk gelen alır hatasız otomatik,283.75,TL,Akdeniz,36.88414,30.70563
133,586,7,Antalya,Kepez,KAÇMAZ !!! Temiz Geniş Aile aracı,335.0,TL,Akdeniz,36.88414,30.70563
134,596,7,Antalya,Kepez,Alfa motors dan 2014 Renault fluence ıcon,345.0,TL,Akdeniz,36.88414,30.70563
135,887,7,Antalya,Kepez,SAHİBİNDEN TEMİZ MASRAFSIZ,345.0,TL,Akdeniz,36.88414,30.70563
136,894,7,Antalya,Kepez,2015 RENAULT FLUENCE 1.5 DCİ TOUCH PLUS TAKAS OLUR,400.0,TL,Akdeniz,36.88414,30.70563
137,941,7,Antalya,Kepez,"Sahibinden ""ACİL"" Satılık!!! Değişensiz + Dizel +Otomatik",362.5,TL,Akdeniz,36.88414,30.70563
138,446,7,Antalya,Konyaaltı,KAÇIRILMAZ FIRSAT!!!!,360.0,TL,Akdeniz,36.88414,30.70563
139,290,7,Antalya,Korkuteli,2015 Model Fluence 1.5 dCi Touch Plus 1.Sınıf Tramersiz Orjinal,376.0,TL,Akdeniz,36.88414,30.70563
140,528,7,Antalya,Korkuteli,Sahibinden temiz Fluence,365.0,TL,Akdeniz,36.88414,30.70563
141,384,7,Antalya,Kumluca,HEDEF AUTO'DAN 2012 FULUANCE 1.5 DCİ DYNAMİQUE EDC,389.9,TL,Akdeniz,36.88414,30.70563
142,344,7,Antalya,Manavgat,SAHİBİNDEN FLUANCE TEMİZ 1.5 DCI,285.0,TL,Akdeniz,36.88414,30.70563
143,757,7,Antalya,Manavgat,SAHİBİNDEN CAM GİBİ BOL EXTRALI FLUENCE,332.5,TL,Akdeniz,36.88414,30.70563
144,23,7,Antalya,Muratpaşa,2016 RENAULT FLUENCE 1.5DCİ İCON 110HP EDC HATASIZ,485.0,TL,Akdeniz,36.88414,30.70563
145,28,7,Antalya,Muratpaşa,ARAÇ HATASIZ BOYASIZ OTOMATİK,385.0,TL,Akdeniz,36.88414,30.70563
146,153,7,Antalya,Muratpaşa,ACİL SATILIK OTOMATİK DİZEL İCON PAKET,299.0,TL,Akdeniz,36.88414,30.70563
147,335,7,Antalya,Muratpaşa,BLACK CARS RENTAL DEN KİRALIK DİZEL FLUENCE,450.0,TL,Akdeniz,36.88414,30.70563
148,441,7,Antalya,Muratpaşa,MK MOTORLU ARAÇLAR DAN,369.5,TL,Akdeniz,36.88414,30.70563
149,655,7,Antalya,Muratpaşa,"Renault Fluence 2013 model 1,5 dci 90 hp 148.500 km",365.0,TL,Akdeniz,36.88414,30.70563
150,841,7,Antalya,Muratpaşa,Dizel otomatik fluence,300.0,TL,Akdeniz,36.88414,30.70563
151,858,7,Antalya,Muratpaşa,TERTEMİZ-2014-FL­UENCE-1.5DCİ-JO­Y-180.000KM-GERİ -GÖRÜŞ-P.SENSÖR,322.5,TL,Akdeniz,36.88414,30.70563
152,349,7,Antalya,Serik,Temiz Bakımlı Değişensiz,329.0,TL,Akdeniz,36.88414,30.70563
153,421,7,Antalya,Serik,HATASIZ BOYASIZ İCON+PRESTİJ ELK EL FRENİ SUNROOF,542.0,TL,Akdeniz,36.88414,30.70563
154,426,7,Antalya,Serik,2015 model FLUENCE __1.5DCİ--9­0HP__TOUCH + ÇELİK JANT'lı,380.0,TL,Akdeniz,36.88414,30.70563
155,599,7,Antalya,Serik,DİZEL OTOMATİK HATASIZ AYARINDA FLUANCE,343.5,TL,Akdeniz,36.88414,30.70563
156,795,7,Antalya,Serik,2015 HATASIZ BOYASIZ FLUENCE TOUCH AĞIR BAKIMLARI YAPILDI,385.0,TL,Akdeniz,36.88414,30.70563
157,879,75,Ardahan,Göle,ACİL SATILIK CİDDİ ALICILAR ULAŞSIN,310.0,TL,Dogu Anadolu,41.110481,42.702171
158,171,8,Artvin,Merkez,2013 RENAULT FLUENCE 1.5 DCİ JOY EKSTRALI HATASIZ !,335.0,TL,Kara Deniz,41.1833333,41.8166667
159,721,9,Aydın,Didim,Satılık Temiz Fluence,375.0,TL,Ege,37.8444,27.8458
160,588,9,Aydın,Efeler,2.Sahibinden düşük km,370.0,TL,Ege,37.8444,27.8458
161,706,9,Aydın,Efeler,2016 RENAULT FLUENCE 1.5 DCİ 110 HP TOUCH EDC OTOMATİK VİTES,400.0,TL,Ege,37.8444,27.8458
162,908,9,Aydın,Efeler,SAKARYA OTOMOTİV'den RENAULT FLUENCE 165.000₺ KREDİ İMKANI,315.0,TL,Ege,37.8444,27.8458
163,2,9,Aydın,Söke,YILDIZ AUTODAN 2016 MODEL OTOMATİK VİTES EMSALSİZ FLUENS,396.5,TL,Ege,37.8444,27.8458
164,71,9,Aydın,Söke,"Exper Raporlu, Masrafsız Expression",270.0,TL,Ege,37.8444,27.8458
165,250,9,Aydın,Söke,SAHİBİNDEN 110 HP OTOMATİK FLUENCE,372.0,TL,Ege,37.8444,27.8458
166,376,9,Aydın,Söke,2010 RENAULT FULYNCE 1.5 DCI PREVİLEGE,280.0,TL,Ege,37.8444,27.8458
167,914,9,Aydın,İncirliova,2012 MODEL FLUENSE DİZEL OTOMATİK PRİVİLEGE PAKET,315.0,TL,Ege,37.8444,27.8458
168,542,4,Ağrı,Doğubayazıt,//2012 MODEL RENAULT FLUENCE 1.5 DCI ÇOK TEMİZ DİRİ,287.5,TL,Dogu Anadolu,39.7216667,43.0566667
169,236,4,Ağrı,Merkez,1.6 LPG li Opsiyonlu Paket Fluence,360.0,TL,Dogu Anadolu,39.7216667,43.0566667
170,343,4,Ağrı,Merkez,DEĞİŞENSİZ FLUENCE OTOMATİK DÜŞÜK KM,395.0,TL,Dogu Anadolu,39.7216667,43.0566667
171,759,4,Ağrı,Merkez,çok temiz ilk gelen alır,345.0,TL,Dogu Anadolu,39.7216667,43.0566667
172,389,4,Ağrı,Patnos,2014 MODEL RENAULT FLUENCE HATASIZ BOYASIZ TRAMERSİZ,365.0,TL,Dogu Anadolu,39.7216667,43.0566667
173,67,10,Balıkesir,Altıeylül,Sahibinden bakımlı Fluence,350.0,TL,Marmara,39.648369,27.88261
174,181,10,Balıkesir,Bandırma,Fluence 2010 1.5dci,235.0,TL,Marmara,39.648369,27.88261
175,385,10,Balıkesir,Edremit,EFOR OTOMOTİVDEN OTOMATİK HATASIZ 1.5 DCİ ICON FLUENCE,397.0,TL,Marmara,39.648369,27.88261
176,445,10,Balıkesir,Edremit,2012 MODEL RENAULT FLUENCE 1.5 DCİ EXTREME EDC 190.000 KM,329.75,TL,Marmara,39.648369,27.88261
177,569,10,Balıkesir,Edremit,2015 1.5 dCI EDC DÜŞÜK KM TERTEMİZ TOUCH,405.0,TL,Marmara,39.648369,27.88261
178,97,10,Balıkesir,Gönen,Satılık temiz fluence,355.0,TL,Marmara,39.648369,27.88261
179,163,10,Balıkesir,Gönen,2014 MODEL 1.5.DİZEL İCON OTOMATİK 156.00km HATASIZ BOYASIZ,442.0,TL,Marmara,39.648369,27.88261
180,190,10,Balıkesir,Sındırgı,HATASIZ KAZASIZ DEĞİŞENSİZ OTOMATİK FLUENCE,386.0,TL,Marmara,39.648369,27.88261
181,680,74,Bartın,Merkez,2012 MODEL FLUENCE 1.5 DİZEL OTOMATİK DYNAMİQUETEMİZ BAKIMLI,305.0,TL,Kara Deniz,41.6344444,32.3375
182,785,72,Batman,Kozluk,2014 Fluence icon 110 hp,395.0,TL,Guney Dogu,37.881168,41.13509
183,161,72,Batman,Merkez,137 BIN FLUENS TOCH HATASIZ,400.0,TL,Guney Dogu,37.881168,41.13509
184,189,72,Batman,Merkez,2016 hatasız boyasız hasarsız 165 bin km'de. tertemiz,438.0,TL,Guney Dogu,37.881168,41.13509
185,233,72,Batman,Merkez,ORJİNAL HATASIZ,364.5,TL,Guney Dogu,37.881168,41.13509
186,267,72,Batman,Merkez,2015 Temiz Flucce,320.0,TL,Guney Dogu,37.881168,41.13509
187,490,72,Batman,Merkez,Bakımlı tertemiz kısa süreli bu fiyat,370.0,TL,Guney Dogu,37.881168,41.13509
188,531,72,Batman,Merkez,YUSUF AUTODAN DEN 2014 MODEL RENAULT FLUENCE 1.5DCI ICON 110 HP,417.0,TL,Guney Dogu,37.881168,41.13509
189,550,72,Batman,Merkez,2012 ModeL DizeL FLuence BakımLı -Jiyan Motorsdan SaTıLıkTıR,253.5,TL,Guney Dogu,37.881168,41.13509
190,609,72,Batman,Merkez,H-T MOTORS ÇOK TEMİZ FLUANCE,285.0,TL,Guney Dogu,37.881168,41.13509
191,738,72,Batman,Merkez,Çok acil Sahibinden satılık temiz aile arabası,305.5,TL,Guney Dogu,37.881168,41.13509
192,764,72,Batman,Merkez,EM MOTORSDAN FLUENC,265.0,TL,Guney Dogu,37.881168,41.13509
193,819,72,Batman,Merkez,hatasiz orjinal degisensiz,455.0,TL,Guney Dogu,37.881168,41.13509
194,925,72,Batman,Merkez,Hatasız Masrafsız Fluence 190 Km,374.0,TL,Guney Dogu,37.881168,41.13509
195,926,72,Batman,Merkez,FIRSAT.! 2016 model fulence toch emsalsiz,378.5,TL,Guney Dogu,37.881168,41.13509
196,843,11,Bilecik,Merkez,fluence 1.5 extreme,295.0,TL,Marmara,40.150131,29.983061
197,365,12,Bingöl,Merkez,**2015 MODEL HATASIZ BOYASIZ OTOMATİK FLUENCE**,475.0,TL,Dogu Anadolu,38.885349,40.498291
198,435,12,Bingöl,Merkez,2016 MODEL İCON FLUENCE,383.5,TL,Dogu Anadolu,38.885349,40.498291
199,835,12,Bingöl,Merkez,"EŞE,DOSTA YAKIŞIR * YORMAZ, ÜZMEZ...",345.0,TL,Dogu Anadolu,38.885349,40.498291
200,943,12,Bingöl,Merkez,ABDULLAH BATUR GÜVENCESİYLE 2015 model fluence hatasız otomatik,445.0,TL,Dogu Anadolu,38.885349,40.498291
201,737,13,Bitlis,Tatvan,Sahibinden,395.0,TL,Dogu Anadolu,38.4,42.1166667
202,396,14,Bolu,Merkez,Tertemiz 110luk siyah,405.0,TL,Kara Deniz,40.739479,31.611561
203,409,14,Bolu,Merkez,2015 DOSTA GİDER TERTEMİZ FLUENCE,410.0,TL,Kara Deniz,40.739479,31.611561
204,710,14,Bolu,Merkez,RENAULT FLUENCE TOUCH PLUS 2013 MODEL,353.0,TL,Kara Deniz,40.739479,31.611561
205,21,15,Burdur,Merkez,Hatasız 86BinKMOtomatik Experli,527.0,TL,Akdeniz,37.726909,30.288876
206,105,16,Bursa,Gemlik,HATASIZ BOYASIZ,465.0,TL,Marmara,40.18257,29.06687
207,133,16,Bursa,Harmancık,Ev almak için satıyorum,310.0,TL,Marmara,40.18257,29.06687
208,660,16,Bursa,Kestel,SAHİBİNDEN HATASIZ FLUENCE,455.0,TL,Marmara,40.18257,29.06687
209,39,16,Bursa,Mudanya,SAHİBİNDEN DEĞİŞENSİZ MASRAFSIZ İCON EDC,415.0,TL,Marmara,40.18257,29.06687
210,649,16,Bursa,Mustafakemalpaşa,2012 model Fluence 1.5 DCI çalışır yürür durumda,169.75,TL,Marmara,40.18257,29.06687
211,324,16,Bursa,Nilüfer,"2013 FLUENCE 1.5 dCİ JOY 110 HP OTOMATİK VİTES 117,000 KM SİYAH.",389.9,TL,Marmara,40.18257,29.06687
212,830,16,Bursa,Nilüfer,"AİLE ARACI, BAKIMLI, OTOMATİK",457.0,TL,Marmara,40.18257,29.06687
213,948,16,Bursa,Nilüfer,BEY-CE OTOMOTİVDEN TEMİZ FULEANCE. 1.5 DIZEL 2011 EXTREM,315.0,TL,Marmara,40.18257,29.06687
214,47,16,Bursa,Osmangazi,2016 MODEL FULLENCE İCON PAKET OTOMATİK VİTES DAHA 119 BİN KMDE,462.75,TL,Marmara,40.18257,29.06687
215,191,16,Bursa,Osmangazi,Bayandan satılık,360.0,TL,Marmara,40.18257,29.06687
216,367,16,Bursa,Osmangazi,BURSA GÜVEN Oto kiralama kalitenin adresi,250.0,TL,Marmara,40.18257,29.06687
217,431,16,Bursa,Osmangazi,OTOMATİK yeni kasa çok temiz bakımlı yakıtı az,344.0,TL,Marmara,40.18257,29.06687
218,434,16,Bursa,Osmangazi,**SIKINTISIZ SORUNSUZ FLUENCE**,295.0,TL,Marmara,40.18257,29.06687
219,534,16,Bursa,Osmangazi,2011 MODEL HATASIZ BOYASIZ FLUENCE 1.5DCİ EXTREME EDİTİON,295.0,TL,Marmara,40.18257,29.06687
220,718,16,Bursa,Osmangazi,2016 MODEL RENAULT FLUENCE DİZEL OTOMATİK VİTES.,452.0,TL,Marmara,40.18257,29.06687
221,781,16,Bursa,Osmangazi,"FLUENCE 1.5 Icon Vişne çürüğü kırmızı,102binde,­Hatasız,sorunsuz.",420.0,TL,Marmara,40.18257,29.06687
222,799,16,Bursa,Osmangazi,2015 MODEL 1.5 DCİ RENAULT FLUENCE TOUCH,367.5,TL,Marmara,40.18257,29.06687
223,817,16,Bursa,Osmangazi,2012 Otomatik Fluence,310.0,TL,Marmara,40.18257,29.06687
224,205,16,Bursa,Yıldırım,Son kasa makyajlı Fluence,445.0,TL,Marmara,40.18257,29.06687
225,411,16,Bursa,Yıldırım,sahibinden hatasız 1.6 fluence,335.0,TL,Marmara,40.18257,29.06687
226,688,16,Bursa,Yıldırım,"2015 İcon Prestij, Sanruff,elktk el freni, adaptif far,",488.0,TL,Marmara,40.18257,29.06687
227,281,16,Bursa,İnegöl,temiz Fluence,325.0,TL,Marmara,40.18257,29.06687
228,953,16,Bursa,İnegöl,Acil Satılık Sahibinden Düşük Km İcon Fluence,489.0,TL,Marmara,40.18257,29.06687
229,455,20,Denizli,Merkezefendi,2012 DİZEL OTOMATİK 210.000 KM DEĞİŞENİ YOK HASAR KAYDI YOKTUR.,365.0,TL,Ege,37.77652,29.08639
230,616,20,Denizli,Merkezefendi,"DEĞİŞENSİZ,TRAMERSİZ ÇOK TEMİZ İCON",410.0,TL,Ege,37.77652,29.08639
231,647,20,Denizli,Merkezefendi,2012 model temiz Fluence,270.0,TL,Ege,37.77652,29.08639
232,928,20,Denizli,Merkezefendi,EMRE OKTAY'DAN 2011 MODEL RENAULT FLUENCE 1.5DCI,299.0,TL,Ege,37.77652,29.08639
233,278,20,Denizli,Pamukkale,2012 RENAULT FULENCE EXPERTİZ RAPORU İLANDA VARDIR,279.0,TL,Ege,37.77652,29.08639
234,309,20,Denizli,Pamukkale,SATILIK KAPALI GARAJ ARABASI TEMİZ OTOMATİK ICON FLUENCE,475.0,TL,Ege,37.77652,29.08639
235,347,20,Denizli,Pamukkale,Hatasız Aile Aracı,415.0,TL,Ege,37.77652,29.08639
236,554,20,Denizli,Pamukkale,153 000 km değişensiz,389.0,TL,Ege,37.77652,29.08639
237,260,20,Denizli,Sarayköy,arac değişimi,323.0,TL,Ege,37.77652,29.08639
238,788,20,Denizli,Sarayköy,ÖZCAN OTOMOTİV DEN 2015 FLUENCE,332.0,TL,Ege,37.77652,29.08639
239,482,20,Denizli,Çivril,MET OTOMOTİVDEN DÜŞÜK KM,355.5,TL,Ege,37.77652,29.08639
240,27,21,Diyarbakır,Bağlar,2011 Fluence 1.6 BENZİN LPG TR EN UYGUNU...,210.0,TL,Guney Dogu,37.91441,40.230629
241,145,21,Diyarbakır,Bağlar,Fluence icon otomatik 110 bg,415.0,TL,Guney Dogu,37.91441,40.230629
242,213,21,Diyarbakır,Bağlar,ULUSOY'DAN HATASIZ 2014 RENULT FLUENCE 1.5 JOY DİZEL İNCİ BEYAZI,335.0,TL,Guney Dogu,37.91441,40.230629
243,463,21,Diyarbakır,Bağlar,LAVİN AUTO'DAN// 2012 MODEL RENAULT FLUENCE,338.0,TL,Guney Dogu,37.91441,40.230629
244,527,21,Diyarbakır,Bağlar,hatasız boyasız tertemiz,395.0,TL,Guney Dogu,37.91441,40.230629
245,580,21,Diyarbakır,Bağlar,RENAULT FLUNCE MÜKEMMEL TEMİZLİKTE,250.0,TL,Guney Dogu,37.91441,40.230629
246,634,21,Diyarbakır,Bağlar,ŞENYOLDAŞ AUTODAN OTOMATİK FLUENCE EDC,367.0,TL,Guney Dogu,37.91441,40.230629
247,81,21,Diyarbakır,Kayapınar,2014 FLUENCE DİZEL OTOMATİK TOUCH PLUS,325.0,TL,Guney Dogu,37.91441,40.230629
248,150,21,Diyarbakır,Kayapınar,sahibinden otomatik fluence,280.0,TL,Guney Dogu,37.91441,40.230629
249,269,21,Diyarbakır,Kayapınar,2015 RENAULT FLUENCE 1.6 TOUCH,357.0,TL,Guney Dogu,37.91441,40.230629
250,316,21,Diyarbakır,Kayapınar,öğretmenden temiz fluence,325.0,TL,Guney Dogu,37.91441,40.230629
251,321,21,Diyarbakır,Kayapınar,HATASIZ EMSALSİZ,325.0,TL,Guney Dogu,37.91441,40.230629
252,393,21,Diyarbakır,Kayapınar,SAHİBİNDEN TEMİZ MASRAFSİZ,340.0,TL,Guney Dogu,37.91441,40.230629
253,394,21,Diyarbakır,Kayapınar,2014 SANRUFLU OTOMATİK DİZEL EN FULU YOK YOK,420.0,TL,Guney Dogu,37.91441,40.230629
254,487,21,Diyarbakır,Kayapınar,Temiz kullanılmış,330.0,TL,Guney Dogu,37.91441,40.230629
255,565,21,Diyarbakır,Kayapınar,2013 touch plus çok acil,343.5,TL,Guney Dogu,37.91441,40.230629
256,584,21,Diyarbakır,Kayapınar,2014 otomatik Fluence Icon paket(prestige),355.0,TL,Guney Dogu,37.91441,40.230629
257,603,21,Diyarbakır,Kayapınar,HATASIZ BOYASIZ SERVİS BAKIMLI 2015 MODEL 138 KM OTOMATIK ICON,463.0,TL,Guney Dogu,37.91441,40.230629
258,726,21,Diyarbakır,Kayapınar,İLK SAHİBİNDEN 2011 FLUENCE 1.5 DCİ EXTREME ORJİNAL KM'DE,312.0,TL,Guney Dogu,37.91441,40.230629
259,769,21,Diyarbakır,Kayapınar,HATASIZ EMSALSİZ TERTEMİZ,342.5,TL,Guney Dogu,37.91441,40.230629
260,818,21,Diyarbakır,Kayapınar,GÖZ BEBEĞİM SATIŞTA DİZEL OTOMATİK İCON,440.0,TL,Guney Dogu,37.91441,40.230629
261,555,21,Diyarbakır,Çermik,ilk sahibinden,270.0,TL,Guney Dogu,37.91441,40.230629
262,291,81,Düzce,Merkez,Öztürk otomotivden dizel otomatik fluence,383.5,TL,Kara Deniz,40.843849,31.15654
263,624,81,Düzce,Merkez,Fluence 2011,350.0,TL,Kara Deniz,40.843849,31.15654
264,836,81,Düzce,Merkez,Öğretmenden Fluence,340.0,TL,Kara Deniz,40.843849,31.15654
265,871,81,Düzce,Merkez,sahibinden temiz kullanılmış düşük km li fuluance,265.3,TL,Kara Deniz,40.843849,31.15654
266,875,81,Düzce,Merkez,BAKIMLI MASRAFSIZ,435.0,TL,Kara Deniz,40.843849,31.15654
267,355,22,Edirne,Merkez,ERENDEN RENAULT FLUENCE OTOMATİK 145 KMDE HATASIZ,385.75,TL,Marmara,41.6666667,26.5666667
268,895,22,Edirne,Merkez,CARPOİNT'TEN 2015 FLUANCE 1.5 DCİ 100HP EDC TOUCH 204.000.KM,385.0,TL,Marmara,41.6666667,26.5666667
269,68,23,Elazığ,Merkez,bütun ağır bakımları yapıldı kuruş masrafsız,405.75,TL,Dogu Anadolu,38.680969,39.226398
270,113,23,Elazığ,Merkez,DEĞİŞENSİZ BOYASIZ 149.000 KM 2015 MODEL FULUENCE OTOMATİK,445.0,TL,Dogu Anadolu,38.680969,39.226398
271,222,23,Elazığ,Merkez,Acil satılık daha temizi yok,269.0,TL,Dogu Anadolu,38.680969,39.226398
272,465,23,Elazığ,Merkez,Sahibinden temiz araba,349.0,TL,Dogu Anadolu,38.680969,39.226398
273,519,23,Elazığ,Merkez,HATASIZ BOYASIZ!! 88 BİN'DE !2016 ÇIKIŞLI 1.5 DCİ EDC İCON PAKET,548.0,TL,Dogu Anadolu,38.680969,39.226398
274,696,23,Elazığ,Merkez,fluance değişensiz düşük km,320.0,TL,Dogu Anadolu,38.680969,39.226398
275,812,23,Elazığ,Merkez,Fulunce 1.5 dCi Privilege,287.5,TL,Dogu Anadolu,38.680969,39.226398
276,929,23,Elazığ,Merkez,ÖZ AY PLAZADAN 2016 RENAULT FLUANCE 1.5İCON 180 BİNDE,399.0,TL,Dogu Anadolu,38.680969,39.226398
277,594,24,Erzincan,Üzümlü,Başka bir araba almak için satıyorum,380.0,TL,Dogu Anadolu,39.75,39.5
278,753,24,Erzincan,Üzümlü,TEK BAGAJ DEĞİŞENLİ FLUENCE,337.0,TL,Dogu Anadolu,39.75,39.5
279,6,26,Eskişehir,Odunpazarı,2015 FLUENCE İCON 132.000 KM - 110 HP 6 İLERİ -,439.5,TL,Ic Anadolu,39.784302,30.51922
280,80,26,Eskişehir,Odunpazarı,"Orjinal 189000 de 1,5 fuluance",348.5,TL,Ic Anadolu,39.784302,30.51922
281,141,26,Eskişehir,Odunpazarı,KREDİ İMKANIYLA Dizel otomatik ekstralı temiz 110luk Fluence,256.9,TL,Ic Anadolu,39.784302,30.51922
282,516,26,Eskişehir,Odunpazarı,2010 MODEL 1.5 DCI DİZEL SADECE 215 BİNDE,297.5,TL,Ic Anadolu,39.784302,30.51922
283,760,26,Eskişehir,Odunpazarı,2016 HATASIZ-BOYAS­IZ-TRAMERSİZ FULL SERVİS BAKIMLI PRESTİJ PAKET,546.0,TL,Ic Anadolu,39.784302,30.51922
284,884,26,Eskişehir,Sarıcakaya,SAHİBİNDEN DÜŞÜK KM+OTOMATİK+İCON +SIFIR GİBİ+YENİ BAKIMLI,415.0,TL,Ic Anadolu,39.784302,30.51922
285,69,27,Gaziantep,Nizip,GOLD AUTO DAN RENOULT FLUENCE 1.5DCI JOY,265.0,TL,Guney Dogu,37.06622,37.38332
286,364,27,Gaziantep,Nizip,FIRAT AUTO PLAZADAN İCON OTOMATİK,420.0,TL,Guney Dogu,37.06622,37.38332
287,763,27,Gaziantep,Nurdağı,Kenan Oto'dan 2010 Fluence Hatasız Boyasız,285.0,TL,Guney Dogu,37.06622,37.38332
288,241,27,Gaziantep,Şahinbey,Temiz İcon Fluence,388.0,TL,Guney Dogu,37.06622,37.38332
289,258,27,Gaziantep,Şahinbey,Memurdan temiz aile aracı,420.0,TL,Guney Dogu,37.06622,37.38332
290,359,27,Gaziantep,Şahinbey,DOKTOR SAHİBİNDEN DÜŞÜK KM DE SORUNSUZ,417.0,TL,Guney Dogu,37.06622,37.38332
291,523,27,Gaziantep,Şahinbey,Fluence Extreme 1.5Dizel Otomatik 266bin km Temiz-Sorunsuz,315.0,TL,Guney Dogu,37.06622,37.38332
292,573,27,Gaziantep,Şahinbey,Fluence 1.5 Touch Paket Değişensiz,310.0,TL,Guney Dogu,37.06622,37.38332
293,577,27,Gaziantep,Şahinbey,Kuruş masrafsız ağır bakımları yapılmış,295.0,TL,Guney Dogu,37.06622,37.38332
294,593,27,Gaziantep,Şahinbey,ALAGÖZ PLAZA'DAN 2014 RENAULT FLUENCE İCON,355.0,TL,Guney Dogu,37.06622,37.38332
295,597,27,Gaziantep,Şahinbey,151 bin KM de Hatasız Otomatik 2014 Touch,395.0,TL,Guney Dogu,37.06622,37.38332
296,756,27,Gaziantep,Şahinbey,2013 FLUENS,360.0,TL,Guney Dogu,37.06622,37.38332
297,772,27,Gaziantep,Şahinbey,Renault Fluence sanruflu,260.0,TL,Guney Dogu,37.06622,37.38332
298,786,27,Gaziantep,Şahinbey,HATASIZ BOYASIZ TRAMERSİZ OTOMATİK FLUENCE,395.0,TL,Guney Dogu,37.06622,37.38332
299,823,27,Gaziantep,Şahinbey,Personelden temiz araç,425.0,TL,Guney Dogu,37.06622,37.38332
300,900,27,Gaziantep,Şahinbey,''LİNA MOTOR'S'' TAN OTOMATİK FLUENCE 170 BİN KREDİSİ HAZIR,305.0,TL,Guney Dogu,37.06622,37.38332
301,48,27,Gaziantep,Şehitkamil,Fluence 1.5 extreme,247.0,TL,Guney Dogu,37.06622,37.38332
302,98,27,Gaziantep,Şehitkamil,RENAULT FLUENCE 1.5 2012 BUSINESS,268.0,TL,Guney Dogu,37.06622,37.38332
303,101,27,Gaziantep,Şehitkamil,ELİT AUTO'DAN RENAULT FLUENCE 1.5 DCİ OTOMATİK BAKIMLI HATASIZ,305.0,TL,Guney Dogu,37.06622,37.38332
304,135,27,Gaziantep,Şehitkamil,JOY 2013 /2014 çıkışlı,302.0,TL,Guney Dogu,37.06622,37.38332
305,138,27,Gaziantep,Şehitkamil,Mirkelam otomotiv güvencesiyle hatasız boyasız değişensiz,370.0,TL,Guney Dogu,37.06622,37.38332
306,238,27,Gaziantep,Şehitkamil,HATASIZ!!! 2013 Fluence 1.5Dci Joy,265.5,TL,Guney Dogu,37.06622,37.38332
307,336,27,Gaziantep,Şehitkamil,BOYASIZ 2014 FLUENCE İCON 1.5 DCİ OTOMATİK,330.0,TL,Guney Dogu,37.06622,37.38332
308,400,27,Gaziantep,Şehitkamil,2015 TOCH OTOMATİK DÜŞÜK KM,359.0,TL,Guney Dogu,37.06622,37.38332
309,448,27,Gaziantep,Şehitkamil,2015 FLUENS TOUCH PAKET - KM 225'DE,355.0,TL,Guney Dogu,37.06622,37.38332
310,460,27,Gaziantep,Şehitkamil,2011 BUSİNESS 1.5 DCİ HATASIZ,270.0,TL,Guney Dogu,37.06622,37.38332
311,518,27,Gaziantep,Şehitkamil,ÇAĞLAYAN AUTO'DAN ÇOK TEMİZ 2012,295.0,TL,Guney Dogu,37.06622,37.38332
312,524,27,Gaziantep,Şehitkamil,2012 MODEL FLUENCE 1.5 DİZEL OTOMATİK DYNAMİQ TERTEMİZ BAKIMLI,270.0,TL,Guney Dogu,37.06622,37.38332
313,574,27,Gaziantep,Şehitkamil,2013 OTOMATİK FLUENCE,301.0,TL,Guney Dogu,37.06622,37.38332
314,578,27,Gaziantep,Şehitkamil,2014_MODEL_RENAU­LT_FLUENCE_1.5DC İ_TOUCH_OTOMATİK VİTES_110'LUK__,355.0,TL,Guney Dogu,37.06622,37.38332
315,592,27,Gaziantep,Şehitkamil,SAHİBİNDEN 2016 RENAULT FULENC,365.0,TL,Guney Dogu,37.06622,37.38332
316,668,27,Gaziantep,Şehitkamil,CANDAN OTOMOTİVDEN TOUCH OTO.,345.0,TL,Guney Dogu,37.06622,37.38332
317,682,27,Gaziantep,Şehitkamil,ERDOĞAN AUTO GÜVENCESİYLE RENAULT FLUENCE BOYASIZ DÜŞÜK KM,395.0,TL,Guney Dogu,37.06622,37.38332
318,702,27,Gaziantep,Şehitkamil,CESUR OTOMOTİV DEN 2013 FLUENS TOUCH PLUS,332.0,TL,Guney Dogu,37.06622,37.38332
319,712,27,Gaziantep,Şehitkamil,HEDEF OTOMOTİV DEN MUAZZAM TEMİZLİKTE FLUENCE,339.0,TL,Guney Dogu,37.06622,37.38332
320,749,27,Gaziantep,Şehitkamil,2010 fullence hasar kaydı yok 3 parça boyalı harici hatasız,265.0,TL,Guney Dogu,37.06622,37.38332
321,770,27,Gaziantep,Şehitkamil,Fluence 1.5 dci,285.0,TL,Guney Dogu,37.06622,37.38332
322,806,27,Gaziantep,Şehitkamil,HANZADE AUTO GÜVENCESİYLE DEĞİŞENSİZ 2011,245.0,TL,Guney Dogu,37.06622,37.38332
323,856,27,Gaziantep,Şehitkamil,sahibinden otomatik,355.0,TL,Guney Dogu,37.06622,37.38332
324,910,27,Gaziantep,Şehitkamil,HATASIZ BOYASIZ DEĞİŞENSİZ EDC TOUCH PLUS,407.0,TL,Guney Dogu,37.06622,37.38332
325,921,27,Gaziantep,Şehitkamil,EMİRCAN AUTO'DAN 2013+YENİ KASA+OTOMATİK VİTES+FLUENCE+TOUCH GÖR,255.0,TL,Guney Dogu,37.06622,37.38332
326,945,27,Gaziantep,Şehitkamil,2014 RENAULT FLUENCE TOUC PAKET MÜKEMMEL TEMİZLİKTE FIRSAT ARACI,329.5,TL,Guney Dogu,37.06622,37.38332
327,49,28,Giresun,Merkez,SARILAR OTOMOTİV'DEN 2015 MODEL RENAULT FLUENCE 1.5DCİ EDC TOUCH,424.9,TL,Kara Deniz,40.912811,38.38953
328,192,28,Giresun,Merkez,SZRMOTORS 2014 MODEL RENAULT FLUENCE KM 147.000 OTOMATİK HATASIZ,348.9,TL,Kara Deniz,40.912811,38.38953
329,109,31,Hatay,Antakya,2013 RENAULT FLUENCE 1.5 DCİ JOY EXTRA HIZ SABİTLEME 178000 KM,365.0,TL,Akdeniz,36.4018488,36.3498097
330,120,31,Hatay,Antakya,YILDIZ AUTO'DAN HATASIZ BOYASIZ Tramersiz,436.9,TL,Akdeniz,36.4018488,36.3498097
331,143,31,Hatay,Antakya,2011 FLUENCE EXTREME EDİTİON OTOMATİK 262 BİN KM İÇİ BEJ,264.9,TL,Akdeniz,36.4018488,36.3498097
332,156,31,Hatay,Antakya,"2015"" 1.5 dizel manuel kilometresi 160 binde",288.9,TL,Akdeniz,36.4018488,36.3498097
333,167,31,Hatay,Antakya,2014 MODEL RENAULT FLUENCE,290.0,TL,Akdeniz,36.4018488,36.3498097
334,170,31,Hatay,Antakya,AYNACİLAR OTOMOTİV DEN 2014 FLUENCE DEĞİŞENSİZ,325.0,TL,Akdeniz,36.4018488,36.3498097
335,253,31,Hatay,Antakya,TERTEMİZ FLUENCE !!!,384.0,TL,Akdeniz,36.4018488,36.3498097
336,266,31,Hatay,Antakya,2014 Renault Fluence Joy Manuel 215.XXX km'de,265.0,TL,Akdeniz,36.4018488,36.3498097
337,317,31,Hatay,Antakya,DIZEL OTOMATİK KM 174,372.0,TL,Akdeniz,36.4018488,36.3498097
338,331,31,Hatay,Antakya,OTOMATİK VİTES 2014 MODEL,328.0,TL,Akdeniz,36.4018488,36.3498097
339,354,31,Hatay,Antakya,2016 FLUENCE 1.5 DCİ İCON EDC OTOMATİK BOYASIZ HATASIZ,485.0,TL,Akdeniz,36.4018488,36.3498097
340,468,31,Hatay,Antakya,RENAULT FULENCE JOY OTOMATİK VİTES 110 BG,345.0,TL,Akdeniz,36.4018488,36.3498097
341,536,31,Hatay,Antakya,ÖZCAN AUTO'DAN 2016 RENAULT FLUENCE 1.5 DCI TOUCH OTOMATİK,365.0,TL,Akdeniz,36.4018488,36.3498097
342,552,31,Hatay,Antakya,2013 model Fluence Touch plus üst alacağım şekilde takas olur,375.5,TL,Akdeniz,36.4018488,36.3498097
343,801,31,Hatay,Antakya,2015 FLUENCE 1.5DCİ TOUCH EDC 187.000KM HATASIZ AYARINDA,390.0,TL,Akdeniz,36.4018488,36.3498097
344,802,31,Hatay,Antakya,HATASIZ BOYASIZ TRAMERSİZ,529.0,TL,Akdeniz,36.4018488,36.3498097
345,811,31,Hatay,Antakya,2014 FLUENCE 1.5 TOUCH PLUS,330.0,TL,Akdeniz,36.4018488,36.3498097
346,935,31,Hatay,Antakya,SAHİBİNDEN SORUNSUZ OTOMATİK MASRAFSIZ Orjinal 185 binkm,322.5,TL,Akdeniz,36.4018488,36.3498097
347,937,31,Hatay,Antakya,2015 RENAULT FLUENCE TOUCH MANUEL,335.0,TL,Akdeniz,36.4018488,36.3498097
348,279,31,Hatay,Arsuz,CK MOTORS 2016 RENAULT FLUENCE 1. DCİ TOUCH,362.0,TL,Akdeniz,36.4018488,36.3498097
349,287,31,Hatay,Belen,MASRAFSIZ BAKIMLI TERTEMİZ DİZEL FLUENCE,244.999,TL,Akdeniz,36.4018488,36.3498097
350,747,31,Hatay,Belen,! 2010 KAPUT TAVAN BAGAJ SOL YAN ORJİNAL TERTEMİZ LANSMAN RENK !,239.0,TL,Akdeniz,36.4018488,36.3498097
351,85,31,Hatay,Kırıkhan,ORİJİNAL FLUENCE,365.0,TL,Akdeniz,36.4018488,36.3498097
352,789,31,Hatay,Kırıkhan,2014 MODEL FLUANCE OTOMATİK 180.000 km İCON PAKET,345.0,TL,Akdeniz,36.4018488,36.3498097
353,912,31,Hatay,Kırıkhan,2015 model ıcon 1.5dci 110hp 86binde fluence,495.0,TL,Akdeniz,36.4018488,36.3498097
354,223,31,Hatay,Reyhanlı,Tertemiz orijinal değişensiz 2015 touch plus otomatik,400.0,TL,Akdeniz,36.4018488,36.3498097
355,373,31,Hatay,Reyhanlı,SAHIBINDEN FLUENCE,299.0,TL,Akdeniz,36.4018488,36.3498097
356,717,31,Hatay,Samandağ,Hatasız Fluence touch,400.5,TL,Akdeniz,36.4018488,36.3498097
357,724,31,Hatay,Samandağ,2012 EDC FLUENCE,257.5,TL,Akdeniz,36.4018488,36.3498097
358,615,31,Hatay,İskenderun,2016 FLUENCE TOUCH PLUS 82 BİN KM DE,420.0,TL,Akdeniz,36.4018488,36.3498097
359,654,31,Hatay,İskenderun,2014 HATASIZ AYARINDA DOST İŞİ,288.0,TL,Akdeniz,36.4018488,36.3498097
360,692,31,Hatay,İskenderun,OTOMATİK DİZEL EMİN MOTORS GÜVENCESİYLE,275.0,TL,Akdeniz,36.4018488,36.3498097
361,722,31,Hatay,İskenderun,Hatasız Boyasız Renault Fluence,358.75,TL,Akdeniz,36.4018488,36.3498097
362,776,32,Isparta,Merkez,HATASIZ BOYASIZ RENAULT FLUENCE 1.5 DCİ 110 HP TOUCH EDC OTOMATK,425.0,TL,Akdeniz,37.7666667,30.55
363,800,46,Kahramanmaraş,Afşin,Sahibinden çok temiz Fluence,379.0,TL,Akdeniz,37.5833333,36.9333333
364,889,46,Kahramanmaraş,Andırın,*DÜŞÜK KM*OTOMATİK*ÇOK TEMİZ*HATASIZ AİLE ARACI.,442.0,TL,Akdeniz,37.5833333,36.9333333
365,395,46,Kahramanmaraş,Dulkadiroğlu,|RZA MOTORS| 2015 RENAULT FLUENCE 1.5 DCI TOUCH EDC,285.0,TL,Akdeniz,37.5833333,36.9333333
366,401,46,Kahramanmaraş,Dulkadiroğlu,MARFİ OTOMOTİV JEEP ALFA ROMEO FİAT BAYİİ,350.0,TL,Akdeniz,37.5833333,36.9333333
367,30,46,Kahramanmaraş,Elbistan,Çoktemiz Renault Fluence,345.0,TL,Akdeniz,37.5833333,36.9333333
368,214,46,Kahramanmaraş,Elbistan,160 binde otomatik,298.75,TL,Akdeniz,37.5833333,36.9333333
369,318,46,Kahramanmaraş,Elbistan,2012 MODEL 1.6 DYNAMIQUE 190 BN KMDE,344.9,TL,Akdeniz,37.5833333,36.9333333
370,437,46,Kahramanmaraş,Elbistan,ADRESS AUTO 2013 MODEL 1.5 DCI JOY OTOMATİK 260.000 KM,328.0,TL,Akdeniz,37.5833333,36.9333333
371,866,46,Kahramanmaraş,Elbistan,**KILINÇTAN KUSURSUZ İCON FLUENCE BAKIMLI\\DÜŞÜK KM//OTOMATİK**,467.0,TL,Akdeniz,37.5833333,36.9333333
372,911,46,Kahramanmaraş,Elbistan,ÇOK TEMİZ FLUENCE TOUCH PLUS,397.0,TL,Akdeniz,37.5833333,36.9333333
373,292,46,Kahramanmaraş,Onikişubat,Ev için ilk göz ağrımı satiyorum,290.0,TL,Akdeniz,37.5833333,36.9333333
374,480,46,Kahramanmaraş,Onikişubat,2015 FLUENCE DİZEL OTOMATİK,455.0,TL,Akdeniz,37.5833333,36.9333333
375,108,46,Kahramanmaraş,Pazarcık,İMK AUTO PLAZA'DAN 2010 MODEL 1.5 DCI BUSSİNES PAKET FLUANCE,230.0,TL,Akdeniz,37.5833333,36.9333333
376,450,36,Kars,Kağızman,Hatasız boyasız tramersiz 2015 çıkışlı,425.0,TL,Dogu Anadolu,40.59267,43.077831
377,513,36,Kars,Merkez,ALKAYA AUTO DAN 2013 1.5 DCİ FLUENCE,324.0,TL,Dogu Anadolu,40.59267,43.077831
378,838,36,Kars,Merkez,SAHİBİNDEN SATILIK,278.0,TL,Dogu Anadolu,40.59267,43.077831
379,648,38,Kayseri,Develi,TEMİZ BAKIMLI DEĞİŞENSİZ FLUENCE,405.0,TL,Ic Anadolu,38.7333333,35.4833333
380,3,38,Kayseri,Kocasinan,2011 Fülüance temiz arac,330.0,TL,Ic Anadolu,38.7333333,35.4833333
381,123,38,Kayseri,Kocasinan,2015 RENAULT FLUENCE 1.5 DCİ TOUCH MANUEL HATASIZ BOYASIZ,373.0,TL,Ic Anadolu,38.7333333,35.4833333
382,219,38,Kayseri,Kocasinan,SAHİBİNDEN TEMİZ FULL PAKET SUNROOFLU FLUENCE,355.0,TL,Ic Anadolu,38.7333333,35.4833333
383,293,38,Kayseri,Kocasinan,RENAULT FLUENCE 1.5 DCİ TOUCH BOYASIZ KAYITSIZ HATASIZ ESP Lİ,396.85,TL,Ic Anadolu,38.7333333,35.4833333
384,339,38,Kayseri,Kocasinan,EREN OTOMOTİV DEN 2015 MODEL NOKTA HATASIZ 1.5 DCİ OTOMATİK,444.9,TL,Ic Anadolu,38.7333333,35.4833333
385,381,38,Kayseri,Kocasinan,2016 FLUANCE 1.5 DCİ OTOMATİK SERVİS BAKIMLI,369.0,TL,Ic Anadolu,38.7333333,35.4833333
386,472,38,Kayseri,Kocasinan,DIZEL OTOMATIK FULENCE,329.9,TL,Ic Anadolu,38.7333333,35.4833333
387,608,38,Kayseri,Kocasinan,Temiz fluance,362.0,TL,Ic Anadolu,38.7333333,35.4833333
388,617,38,Kayseri,Kocasinan,135.000 KM DE 3 Parça Boyalı,337.0,TL,Ic Anadolu,38.7333333,35.4833333
389,662,38,Kayseri,Kocasinan,Önder Otomotiv den. 110. Hp,425.0,TL,Ic Anadolu,38.7333333,35.4833333
390,704,38,Kayseri,Kocasinan,2012 MODEL OTOMATİK DEĞİŞENSİZ DYNAMİC BAKIMLI TEMİZ MASRAFSIZ,315.0,TL,Ic Anadolu,38.7333333,35.4833333
391,741,38,Kayseri,Kocasinan,Satılık makam aracı,265.0,TL,Ic Anadolu,38.7333333,35.4833333
392,834,38,Kayseri,Kocasinan,Masrafsız Temiz Bakımlı Araç,358.5,TL,Ic Anadolu,38.7333333,35.4833333
393,2222,38,Kayseri,Kocasinan,SAHİBİNDEN SIFIR AYARINDA FLUENCE İCON 19 BİN KM,625.0,TL,Ic Anadolu,38.7333333,35.4833333
394,59,38,Kayseri,Melikgazi,HASAN BEDİR 2.EL PLAZA'DAN 2012 RENAULT FLUENCE 1.5 DCİ BUSİNESS,309.85,TL,Ic Anadolu,38.7333333,35.4833333
395,392,38,Kayseri,Melikgazi,GÜROGLUNDAN 2013 MODEL RENAULT FLUENCE 110 BİNDE HATASIZ,386.0,TL,Ic Anadolu,38.7333333,35.4833333
396,618,38,Kayseri,Melikgazi,Sahibinden Çok Temiz 2012 Diesel Otomatik 110 luk,332.0,TL,Ic Anadolu,38.7333333,35.4833333
397,693,38,Kayseri,Melikgazi,2015 OTOMATİK DİZEL SORUNSUZ TERTEMİZ FULUENS,380.0,TL,Ic Anadolu,38.7333333,35.4833333
398,613,38,Kayseri,Talas,Memurdan temiz aile arabası Fluence dizel otomatik 150 binde,399.0,TL,Ic Anadolu,38.7333333,35.4833333
399,50,79,Kilis,Merkez,EVRAN PLAZA'DAN EMSALSİZ SUNROOF İÇ BEJ RENAULT FLUENCE OTOMATİK,370.0,TL,Guney Dogu,36.718399,37.12122
400,505,79,Kilis,Merkez,AÇIKEL AUTODAN FULL PAKET SUNROFLU FLUENCE,292.0,TL,Guney Dogu,36.718399,37.12122
401,220,41,Kocaeli,Başiskele,%30PEŞİNAT KADEMELİ SENETLİ SATİŞ-BANKA_KAMPAN­YASI%1.19KREDİ48AY,374.5,TL,Marmara,40.8532704,29.8815203
402,247,41,Kocaeli,Başiskele,2013 MODEL 1.5 DİZEL MANUEL KUSURSUZ TERTEMİZ AİLE ARACIDIR,316.0,TL,Marmara,40.8532704,29.8815203
403,428,41,Kocaeli,Başiskele,"İCON , SANROOF, OTOMATİK , HATASIZA YAKIN İÇİ DIŞI TERTEMİZ .",485.0,TL,Marmara,40.8532704,29.8815203
404,762,41,Kocaeli,Başiskele,SAHİBİNDEN SATILIK DEĞİŞENSİZ ARAÇ,356.5,TL,Marmara,40.8532704,29.8815203
405,154,41,Kocaeli,Darıca,sahibinden icon otomatik,385.0,TL,Marmara,40.8532704,29.8815203
406,340,41,Kocaeli,Darıca,KİRALIK ARAÇ RENAULT FLUENCE otomatik,200.0,TL,Marmara,40.8532704,29.8815203
407,526,41,Kocaeli,Darıca,2015 1.5 DİZEL OTOMATİK 183 BİDE DEĞİENSİZ HATASIZ110 LUK6 İLERi,415.0,TL,Marmara,40.8532704,29.8815203
408,845,41,Kocaeli,Darıca,Bakımlı temiz 2012 fluence,296.5,TL,Marmara,40.8532704,29.8815203
409,32,41,Kocaeli,Derince,Sahibinden 2016 trafiğe çıkışlı Renault Fluence,424.0,TL,Marmara,40.8532704,29.8815203
410,182,41,Kocaeli,Derince,HATASIZ OTOMATİK VİTES 2012 RENAULT FLUANCE Extreme EDC,347.85,TL,Marmara,40.8532704,29.8815203
411,64,41,Kocaeli,Gebze,Tavan Harıc boyalı,210.0,TL,Marmara,40.8532704,29.8815203
412,464,41,Kocaeli,Gebze,hatasız masrafsız iyi kullanılmış arac,447.5,TL,Marmara,40.8532704,29.8815203
413,486,41,Kocaeli,Gebze,Sahibinden 2016 ÇIKIŞLI TOUCH PLUS FLUENCE 86.888 KM AİLE ARACI,448.0,TL,Marmara,40.8532704,29.8815203
414,661,41,Kocaeli,Gebze,174 binde Degisensiz Fluence 2012,352.0,TL,Marmara,40.8532704,29.8815203
415,932,41,Kocaeli,Gebze,DİVAN OTOMOTİV DEN 2012 model Renault Fluence,320.0,TL,Marmara,40.8532704,29.8815203
416,311,41,Kocaeli,Gölcük,2016 Fluence Icon Otomatik Full Paket,457.5,TL,Marmara,40.8532704,29.8815203
417,591,41,Kocaeli,Gölcük,2013 FLUENCE1.5 DCİ OTOMATİK BAKIMLI TERTEMİZ,385.0,TL,Marmara,40.8532704,29.8815203
418,202,41,Kocaeli,Kandıra,2014 FLUENCE 1.5 DCI TOUCH PLUS OTOMATİK EMSALSİZ,395.0,TL,Marmara,40.8532704,29.8815203
419,160,41,Kocaeli,Körfez,ESKA AUTO'DAN 2016 FLUENCE DİZEL OTOMATİK HATASIZ,420.0,TL,Marmara,40.8532704,29.8815203
420,388,41,Kocaeli,Körfez,2013 MODEL 1.5 DİZEL OTOMATİK,335.0,TL,Marmara,40.8532704,29.8815203
421,622,41,Kocaeli,Körfez,ACILL SATILIK FLUENCE,355.0,TL,Marmara,40.8532704,29.8815203
422,934,41,Kocaeli,Körfez,SAHİBİNDEN DEĞİŞENSİZ FLUENCE PRİVİLEGE 1.5 DCİ OTOMATİK,289.95,TL,Marmara,40.8532704,29.8815203
423,136,41,Kocaeli,Çayırova,BİNİCEKSEN TEMİZİNE,443.0,TL,Marmara,40.8532704,29.8815203
424,508,41,Kocaeli,Çayırova,160.000 KM DE DİZEL OTOMATİK TERTEMİZ AİLE ARACI,350.0,TL,Marmara,40.8532704,29.8815203
425,740,41,Kocaeli,Çayırova,sahibinden hatasız boyasız,500.0,TL,Marmara,40.8532704,29.8815203
426,905,41,Kocaeli,Çayırova,2016 RENAULT FLUENCE 1.5 DCI ICON PAKET MANUEL,453.0,TL,Marmara,40.8532704,29.8815203
427,58,41,Kocaeli,İzmit,2015 MODEL 157.000 KM'DE ORJİNAL FLUENCE,407.5,TL,Marmara,40.8532704,29.8815203
428,529,41,Kocaeli,İzmit,SAHİBİNDEN KAZASIZ BOYASIZ FLUENCE,447.5,TL,Marmara,40.8532704,29.8815203
429,581,41,Kocaeli,İzmit,ACİLLL 145 binde kayıt 1040 TL sol yan boyalı DEĞİŞENSİZ,298.0,TL,Marmara,40.8532704,29.8815203
430,598,41,Kocaeli,İzmit,TOYOTA KAYA 2012 1.5 DCİ EXTREME EDİTİON EDC,347.0,TL,Marmara,40.8532704,29.8815203
431,600,41,Kocaeli,İzmit,2015 Otomatik Icon,468.0,TL,Marmara,40.8532704,29.8815203
432,604,41,Kocaeli,İzmit,2016 MODEL FULL ORİJİNAL İCON PAKET 1.5DCİ OTOMATİK BİNİCİDEN,715.0,TL,Marmara,40.8532704,29.8815203
433,755,41,Kocaeli,İzmit,HATASIZ DEĞİŞENSİZ,458.0,TL,Marmara,40.8532704,29.8815203
434,149,42,Konya,Akşehir,temiz araç sahibinden,367.0,TL,Ic Anadolu,37.8666667,32.4833333
435,868,42,Konya,Akşehir,full paket 6 ileri 110 luk,335.0,TL,Ic Anadolu,37.8666667,32.4833333
436,146,42,Konya,Cihanbeyli,2014 RENAULT FLUNCE 1.5 DCİ ICON HATASIZ-BOYAS­IZ-TRAMERSİZ,439.0,TL,Ic Anadolu,37.8666667,32.4833333
437,305,42,Konya,Cihanbeyli,2014 HATASIZ 110 luk manuel,425.0,TL,Ic Anadolu,37.8666667,32.4833333
438,84,42,Konya,Ereğli,Dizel otomatik fluance 194 binde tertemiz masrafsız,395.0,TL,Ic Anadolu,37.8666667,32.4833333
439,851,42,Konya,Ereğli,2013 Fluence,367.0,TL,Ic Anadolu,37.8666667,32.4833333
440,10,42,Konya,Karatay,KORKMAZ OTOMOTİVDEN FLUENCE MASRAFSIZ 3 PARÇA BOYALI HASAR KYTSZ,285.0,TL,Ic Anadolu,37.8666667,32.4833333
441,66,42,Konya,Karatay,ÇAMLIBEL OTOMOTİV DEN 2015 FLUANCE TOUCH,367.5,TL,Ic Anadolu,37.8666667,32.4833333
442,322,42,Konya,Karatay,M&S AUTO dan HATASIZ 2015 FLUENCE 1.5 DCİ İCON OTOMATİK 110 HP,442.0,TL,Ic Anadolu,37.8666667,32.4833333
443,461,42,Konya,Karatay,2013 OTOMATİK İCON HATASİZ 1.5 DCİ 110 CC,407.5,TL,Ic Anadolu,37.8666667,32.4833333
444,491,42,Konya,Karatay,GÖKHAN AUTO 2014 RENAULT FLUENCE 1.5 DİZEL TOUCH 152.000KM,370.0,TL,Ic Anadolu,37.8666667,32.4833333
445,602,42,Konya,Karatay,İCON * OTOMATİK * HATASIZ * STAR STOP LU * 110 HP *,378.0,TL,Ic Anadolu,37.8666667,32.4833333
446,690,42,Konya,Karatay,KIVANÇ OTOMOTİVDEN 2012 RENAULT FLUANCE 1.5 DCI DYNAMİQUE 110 HP,347.0,TL,Ic Anadolu,37.8666667,32.4833333
447,701,42,Konya,Karatay,2011 110 HP 6 İLERİ DİNAMİK PAKET EN DOLUSU,273.75,TL,Ic Anadolu,37.8666667,32.4833333
448,709,42,Konya,Karatay,AUTO ANIL 42 DEN RENAULT FLUNCE PRİVİLEGE,365.0,TL,Ic Anadolu,37.8666667,32.4833333
449,714,42,Konya,Karatay,GENERAL DEN 2016 FUANCE,445.0,TL,Ic Anadolu,37.8666667,32.4833333
450,815,42,Konya,Karatay,GALERİ AYHAN'dan ICON 1.5 DCI,435.0,TL,Ic Anadolu,37.8666667,32.4833333
451,828,42,Konya,Karatay,HATASIZ DEGİŞENSİZ+2013 MODEL DİZEL OTOMATİK JOY+217 BİNDE,363.0,TL,Ic Anadolu,37.8666667,32.4833333
452,951,42,Konya,Karatay,2013 MODEL 1.5 DCİ FLUENCE İCON PAKET DEĞİŞENSİZ,373.0,TL,Ic Anadolu,37.8666667,32.4833333
453,323,42,Konya,Meram,SAHİBİNDEN ÇOK TEMİZ MASRAFSIZ OTOMATİK VİTES,320.0,TL,Ic Anadolu,37.8666667,32.4833333
454,382,42,Konya,Meram,2012 EXTREME EDİTİON G.GRİ BAKIMLI MASRAFSIZ,290.75,TL,Ic Anadolu,37.8666667,32.4833333
455,703,42,Konya,Meram,RENAULT FLUENCE 2012 MODEL MUAYNE YENİ ÇOK TEMİZ,315.0,TL,Ic Anadolu,37.8666667,32.4833333
456,204,42,Konya,Selçuklu,2015 MASRAFSIZ UYGUN FİYAT MEGANE 2 PARASINA 241.000 KM,289.042,TL,Ic Anadolu,37.8666667,32.4833333
457,372,42,Konya,Selçuklu,FLUENCE JOY 2013 DİZEL MANUEL km 192.500 ORJİNAL ve BAKIMLI,351.75,TL,Ic Anadolu,37.8666667,32.4833333
458,410,42,Konya,Selçuklu,Renault Fluence çok temiz,290.0,TL,Ic Anadolu,37.8666667,32.4833333
459,626,42,Konya,Selçuklu,2010 RENAULT FLUENCE PRİVİLEGE ANAHTARSIZ GİRİŞ 6 İLERİ,338.5,TL,Ic Anadolu,37.8666667,32.4833333
460,652,42,Konya,Selçuklu,"1.5 DCI İCON PAKET 2016 MOD OTOMATİK BOYASIZ,DEĞİŞENSİZ FLUENCE",472.0,TL,Ic Anadolu,37.8666667,32.4833333
461,745,42,Konya,Selçuklu,ORJINAL DEGISENSIZ FULL PAKET 110 LUK ICON,375.0,TL,Ic Anadolu,37.8666667,32.4833333
462,758,42,Konya,Selçuklu,TEMİZ AİLE ARACI SAHİBİNDEN,390.0,TL,Ic Anadolu,37.8666667,32.4833333
463,794,42,Konya,Selçuklu,2010 RENO FLUENCE 1.5 DCİ EXTREM DEĞİŞENSİZ BOYASIZ,283.5,TL,Ic Anadolu,37.8666667,32.4833333
464,870,42,Konya,Selçuklu,HATASIZ 2015 DİZEL FLUENCE MODEL İCON SUNRUFF FULL+FULL PRESTİJ,408.0,TL,Ic Anadolu,37.8666667,32.4833333
465,874,42,Konya,Selçuklu,SAHİBİNDEN HATASIZ AYARINDA 2013 MODEL İCON OTOMATİK VİTES,448.0,TL,Ic Anadolu,37.8666667,32.4833333
466,896,42,Konya,Selçuklu,SAHİBİNDEN-OTO­MATİK-BAKIMLI FLUANCE,407.0,TL,Ic Anadolu,37.8666667,32.4833333
467,919,42,Konya,Selçuklu,FULAYANS TOUCH PLAS,309.0,TL,Ic Anadolu,37.8666667,32.4833333
468,956,42,Konya,Selçuklu,SAHİBİNDEN DEĞİŞENSİZ 2011 MAKYAJLI GÖRÜNÜM,300.0,TL,Ic Anadolu,37.8666667,32.4833333
469,61,42,Konya,Çumra,HATASİZ OTOMATİK FLUANCE,319.0,TL,Ic Anadolu,37.8666667,32.4833333
470,643,42,Konya,Çumra,2012 MODEL HATASİZ BOYASIZ TERTEMİZ,318.0,TL,Ic Anadolu,37.8666667,32.4833333
471,713,42,Konya,Çumra,ÖZNAR OTOMOTİV'den 2011 RENAULT FLUENCE 105 HP 6 İLERİ VİTES,250.0,TL,Ic Anadolu,37.8666667,32.4833333
472,390,43,Kütahya,Merkez,KOZCUOĞLU'NDAN 2015 RENAULT FLUENCE 1.5 DCİ EDC TOUCH 125 BİN KM,459.0,TL,Ege,39.4166667,29.9833333
473,326,43,Kütahya,Tavşanlı,HATASIZ*BOYASIZ­*TRAMERSİZ*HIZ SABİTLEMELİ,430.0,TL,Ege,39.4166667,29.9833333
474,833,39,Kırklareli,Merkez,2014 MODEL RENAULT FLUENCE 1.5DCİ JOY 90HP TRAMERSİZ...,300.0,TL,Marmara,41.7333333,27.2166667
475,440,71,Kırıkkale,Merkez,Hatasız orjinal,440.0,TL,Ic Anadolu,39.846821,33.515251
476,923,71,Kırıkkale,Merkez,2014 RENAULT FLUENCE..İCON. .SUNROOF..OTOM­ATİK..BEYAZZ..,407.0,TL,Ic Anadolu,39.846821,33.515251
477,308,40,Kırşehir,Merkez,BOYASİZ HASAR KAYİTSİZ DEĞİŞENSİZ LPG'Lİ FUL ORJİNAL,365.0,TL,Ic Anadolu,39.15,34.1666667
478,813,40,Kırşehir,Merkez,TİRYAKİOĞLU OTOMOTİV HATASIZ BOYASIZ 65.000 KM TCS'Lİ FULUANCE,460.0,TL,Ic Anadolu,39.15,34.1666667
479,848,40,Kırşehir,Merkez,PLT MOTORSDAN 155.000 KM DE DEĞİŞENSİZ HASAR KAYITSIZ,395.0,TL,Ic Anadolu,39.15,34.1666667
480,231,44,Malatya,Battalgazi,AUTOMOOD'DAN 2012 OTOMATİK RENAULT FLUANCE EXTREME 4 PARÇA BOYA,285.75,TL,Dogu Anadolu,38.35519,38.30946
481,621,44,Malatya,Battalgazi,değişensiz otomatik fluence,320.0,TL,Dogu Anadolu,38.35519,38.30946
482,782,44,Malatya,Battalgazi,RENAULT FLUANCE 2016 TAKASA AÇIK,395.0,TL,Dogu Anadolu,38.35519,38.30946
483,904,44,Malatya,Battalgazi,2013 FLUENCE 1.5DCI JOY DİZEL-OTOMATİK,337.0,TL,Dogu Anadolu,38.35519,38.30946
484,466,44,Malatya,Yeşilyurt,2012 Model DİZEL OTOMOTIK FULENS 110bg masrafsız,315.0,TL,Dogu Anadolu,38.35519,38.30946
485,489,44,Malatya,Yeşilyurt,...MASRAFSIZ OTOMATİK FULL DOLU FLUENCSE...,315.0,TL,Dogu Anadolu,38.35519,38.30946
486,697,44,Malatya,Yeşilyurt,2015 RENAULT FLUENCE 1.5 DCI TOUCH EDC!!,399.999,TL,Dogu Anadolu,38.35519,38.30946
487,34,45,Manisa,Alaşehir,YÜKSEL OTOMOTİV'den 2015 HATASIZ FLUENCE TOUCH 105.oo KM,399.9,TL,Ege,38.619099,27.428921
488,476,45,Manisa,Alaşehir,2016 RENAULT FLUENCE 1.5DCI TOUCH PLUS EDC 110 HP KUM BEJİ,439.0,TL,Ege,38.619099,27.428921
489,515,45,Manisa,Alaşehir,SADECE 65 BİN KM'DE 2011 MODEL RENAULT FLUENCE ÇOK TEMİZ..,349.9,TL,Ege,38.619099,27.428921
490,268,45,Manisa,Kula,2011 MODEL HATASIZ TAKAS OLUR,319.5,TL,Ege,38.619099,27.428921
491,667,45,Manisa,Salihli,2011 MODEL DEĞİŞENSİZ İÇİ BEJ DÜŞÜK KM,320.0,TL,Ege,38.619099,27.428921
492,656,45,Manisa,Soma,2016 MODEL RENAULT FLUENCE 1.5 DCİ TOUCH 114.000 KM,415.0,TL,Ege,38.619099,27.428921
493,852,45,Manisa,Turgutlu,2013 DÜŞÜK KM,349.75,TL,Ege,38.619099,27.428921
494,248,45,Manisa,Şehzadeler,ACİL SAHİBİNDEN SATILIK,279.0,TL,Ege,38.619099,27.428921
495,744,45,Manisa,Şehzadeler,Sahibinden temiz bakımlı,341.5,TL,Ege,38.619099,27.428921
496,240,47,Mardin,Artuklu,Felluce severler,390.0,TL,Guney Dogu,37.3122361,40.735112
497,610,47,Mardin,Artuklu,ÇOK TEMİZ DOST İŞİ OTOMATİK ARAYANLARA,328.0,TL,Guney Dogu,37.3122361,40.735112
498,197,47,Mardin,Kızıltepe,Biniciden masrafsız 6 ileri,315.0,TL,Guney Dogu,37.3122361,40.735112
499,405,47,Mardin,Kızıltepe,Fluence icon HATASIZ,443.0,TL,Guney Dogu,37.3122361,40.735112
500,750,47,Mardin,Kızıltepe,temiz aile aracı,337.5,TL,Guney Dogu,37.3122361,40.735112
501,780,47,Mardin,Kızıltepe,"GAZALA OTOMOTİV,den",440.0,TL,Guney Dogu,37.3122361,40.735112
502,837,47,Mardin,Kızıltepe,2015 model darbesiz boyasız az kilometreli fluens,400.0,TL,Guney Dogu,37.3122361,40.735112
503,958,47,Mardin,Kızıltepe,HATASIZ BOYASIZ FLUNCE İCON,398.0,TL,Guney Dogu,37.3122361,40.735112
504,439,47,Mardin,Mazıdağı,2013 joy paket dizel,310.0,TL,Guney Dogu,37.3122361,40.735112
505,627,47,Mardin,Mazıdağı,HATASIZ BOYASIZ OTOMATİK VİTES EXPRESSİON,293.0,TL,Guney Dogu,37.3122361,40.735112
506,225,47,Mardin,Nusaybin,2011 Model 1.5 105 6 İleri Çok Temiz Beş İleriyle Karıştırmayın,275.0,TL,Guney Dogu,37.3122361,40.735112
507,473,47,Mardin,Nusaybin,Memurdan boyasız değişensiz fluenc,385.0,TL,Guney Dogu,37.3122361,40.735112
508,493,47,Mardin,Nusaybin,2016 fluence düşük km hatasız boyasız,415.0,TL,Guney Dogu,37.3122361,40.735112
509,876,47,Mardin,Nusaybin,RENAULT FLUENCE HATASIZ HASAR KAYITSIZ OTOMATİK TOUC H EDC,317.0,TL,Guney Dogu,37.3122361,40.735112
510,883,47,Mardin,Nusaybin,Fluence icon,365.0,TL,Guney Dogu,37.3122361,40.735112
511,36,33,Mersin,Erdemli,2011 Fluence 1.5 Dizel 105 lik 6 İleri,360.0,TL,Akdeniz,36.8,34.6333333
512,158,33,Mersin,Mezitli,Renault Fluence touch plus 2016,425.0,TL,Akdeniz,36.8,34.6333333
513,575,33,Mersin,Mezitli,2Lokal-gerisi HATASİZ,342.0,TL,Akdeniz,36.8,34.6333333
514,783,33,Mersin,Mezitli,Çok temiz aile arabası,438.0,TL,Akdeniz,36.8,34.6333333
515,957,33,Mersin,Mezitli,Sağlıkçıdan 2016 OTOMatikDİZEL+ DEĞİŞENSİZ+ORJ­+BAKIMLI+Düşük KM,342.5,TL,Akdeniz,36.8,34.6333333
516,296,33,Mersin,Toroslar,2010 FLUENCE 1.5 DCI EXTREME 143BIN KM BAKIMLI,267.5,TL,Akdeniz,36.8,34.6333333
517,432,33,Mersin,Toroslar,2016+FLUENCE+BOYASI­Z++DEĞİŞENSİZ+HASAR KAYITSIZ+İC­ON+OTOMATİK,419.0,TL,Akdeniz,36.8,34.6333333
518,304,33,Mersin,Yenişehir,ERDAL FİLO BÜNYESİNDE FLUENCE 2017 DİZEL OTOMATİK,600.0,TL,Akdeniz,36.8,34.6333333
519,533,33,Mersin,Yenişehir,2013 FLUANCE 1.5dCİ+110HP+EDC(­OTOMATİK)+İCON(PR­ESTİGE)+195.000KM,438.0,TL,Akdeniz,36.8,34.6333333
520,653,33,Mersin,Yenişehir,ASRIN OTOMATİV'DEN 2014 RENAULT FLUENC TOUCH,315.0,TL,Akdeniz,36.8,34.6333333
521,346,48,Muğla,Bodrum,Eylul Otomotivden Fluence 1.5 DCI Touch Plus,405.0,TL,Ege,37.2152778,28.3636111
522,725,48,Muğla,Bodrum,Hasar kayıtsız fluance 2014,385.0,TL,Ege,37.2152778,28.3636111
523,901,48,Muğla,Bodrum,İlk sahibinden,332.0,TL,Ege,37.2152778,28.3636111
524,17,48,Muğla,Fethiye,FETHİYE'den 2014 FLUENCE 1.5 DCİ TOUCH HATASIZ BOYASIZ...,362.5,TL,Ege,37.2152778,28.3636111
525,888,48,Muğla,Yatağan,Temiz aile araci FLUENCE İCON 1.5 DCİ icon,351.5,TL,Ege,37.2152778,28.3636111
526,217,49,Muş,Korkut,Memurdan satılık,380.0,TL,Dogu Anadolu,38.7432926,41.5064823
527,698,49,Muş,Malazgirt,EMSALSİZ FLUENCE!!,450.0,TL,Dogu Anadolu,38.7432926,41.5064823
528,92,49,Muş,Merkez,efsane satışta,270.0,TL,Dogu Anadolu,38.7432926,41.5064823
529,338,49,Muş,Varto,En uygun ve en temiz Fluence,330.0,TL,Dogu Anadolu,38.7432926,41.5064823
530,707,50,Nevşehir,Gülşehir,Düşük Km görülmeye değer Fluence,375.0,TL,Ic Anadolu,38.62442,34.723969
531,902,50,Nevşehir,Kozaklı,Sahibinden 2011 Tertemiz Düşük Km,307.0,TL,Ic Anadolu,38.62442,34.723969
532,131,50,Nevşehir,Merkez,HATASIZ BOYASIZ TRAMERSİZ OTOMATİK FLUANCE,342.0,TL,Ic Anadolu,38.62442,34.723969
533,816,50,Nevşehir,Merkez,OTOLAR OTOMOTİV DEN OTOMATİK,275.0,TL,Ic Anadolu,38.62442,34.723969
534,862,50,Nevşehir,Merkez,DÜŞÜK KM BAKIMLI TERTEMİZ,293.0,TL,Ic Anadolu,38.62442,34.723969
535,178,50,Nevşehir,Ürgüp,2015Fluence Touch EDC bakımlı masrafsız hasar kayıtsız,345.0,TL,Ic Anadolu,38.62442,34.723969
536,679,50,Nevşehir,Ürgüp,OTOMATİK DEĞİŞENSİZ HASAR KAYİTSİZ,349.0,TL,Ic Anadolu,38.62442,34.723969
537,35,51,Niğde,Merkez,Acil satılık,480.0,TL,Ic Anadolu,37.9666667,34.6833333
538,378,51,Niğde,Merkez,EMNİYET PERSONELİNDEN BOYASİZ VE DEGİSENSİZ,360.0,TL,Ic Anadolu,37.9666667,34.6833333
539,129,52,Ordu,Altınordu,TOUCH PLUS 114900 KM,403.0,TL,Kara Deniz,40.9833333,37.8833333
540,427,52,Ordu,Altınordu,SAHİBİNDEN TEMİZ BAKIMLI FLUENCE,296.5,TL,Kara Deniz,40.9833333,37.8833333
541,585,52,Ordu,Altınordu,"Temiz, masrafsız full Fluence",330.0,TL,Kara Deniz,40.9833333,37.8833333
542,117,52,Ordu,Fatsa,HATASIZ BOYASIZ FLUANCE,440.0,TL,Kara Deniz,40.9833333,37.8833333
543,194,52,Ordu,Fatsa,Acill satılık,350.0,TL,Kara Deniz,40.9833333,37.8833333
544,777,52,Ordu,Fatsa,AUTO HEkiMDEN1.5 DCi JOY EDC,332.5,TL,Kara Deniz,40.9833333,37.8833333
545,873,52,Ordu,Fatsa,2016 model otm dizel icon paket,435.0,TL,Kara Deniz,40.9833333,37.8833333
546,665,52,Ordu,Ünye,ELİT OTO GALERİ'DEN RENAULT FLUENCE EXTREME OTOMATİK-HATASIZ,352.5,TL,Kara Deniz,40.9833333,37.8833333
547,674,52,Ordu,Ünye,hatasız ilanda,463.5,TL,Kara Deniz,40.9833333,37.8833333
548,208,80,Osmaniye,Merkez,TÜRKİYEDE TEK EKSTIRAM PULUS,425.0,TL,Akdeniz,37.06805,36.261589
549,175,53,Rize,Merkez,SAHİBİNDEN SATILIK DEĞİŞENSİZ KURUŞ MASRAFSIZ,448.5,TL,Kara Deniz,41.02005,40.523449
550,412,53,Rize,Merkez,2016 mdl Fluence 1.5 dci // km orjinal 118 bın // Mercan dan,387.5,TL,Kara Deniz,41.02005,40.523449
551,457,53,Rize,Merkez,Temiz (Black car),310.0,TL,Kara Deniz,41.02005,40.523449
552,635,53,Rize,Merkez,Kamu Çalışanından Aile Arabası,452.0,TL,Kara Deniz,41.02005,40.523449
553,909,53,Rize,Merkez,6 İLERİ 105 BG DEĞİŞENSİZ 1 TL MASRAFSIZ PIRIL PIRIL,315.0,TL,Kara Deniz,41.02005,40.523449
554,8,53,Rize,Pazar,2015 MODEL FLUENCE EDC TOUCH PAKET YETKİLİ SERVİS BAKIMLI..,427.0,TL,Kara Deniz,41.02005,40.523449
555,579,53,Rize,Pazar,DEĞİŞENSİZ 1.5DCI 110BG OTOMATİK EDC EXTREME,334.0,TL,Kara Deniz,41.02005,40.523449
556,229,54,Sakarya,Adapazarı,İlk Sahibinden Fluence,308.0,TL,Marmara,40.7568793,30.378138
557,294,54,Sakarya,Adapazarı,Sahibinden Fluence 1.5dci Touch plus otomatik,420.0,TL,Marmara,40.7568793,30.378138
558,735,54,Sakarya,Akyazı,YK MOTORS'TAN FLUENCE 125.000 KM'DE TRAMERSİZ,468.5,TL,Marmara,40.7568793,30.378138
559,0,54,Sakarya,Erenler,"2012 MODEL FLUENCE 1,5 DCİ BUSINESS TEK PARÇA BOYALI",252.5,TL,Marmara,40.7568793,30.378138
560,458,54,Sakarya,Erenler,ADAŞEN'DEN 2013 FLUENCE 1.5 DİZEL OTOMATIK 110 BG DEĞİŞENSİZ,375.0,TL,Marmara,40.7568793,30.378138
561,638,54,Sakarya,Erenler,BU MODEL BU KM DE ZOR BULUNUR. DEĞİŞENSIZ,365.75,TL,Marmara,40.7568793,30.378138
562,933,54,Sakarya,Erenler,Memurdan temiz hatasız boyasız 2015 otomatik İcon,450.0,TL,Marmara,40.7568793,30.378138
563,147,54,Sakarya,Hendek,GALERİ KARADUMAN - DEĞİŞENSİZ 2012 FLUENCE BUSİNESS,260.0,TL,Marmara,40.7568793,30.378138
564,442,54,Sakarya,Karasu,2016 DİZEL OTOMATİK 110 hp Touch Plus uygun fiyata,295.0,TL,Marmara,40.7568793,30.378138
565,540,54,Sakarya,Karasu,RENAULT FLUENCE 1.5 DCI TOUCH,350.0,TL,Marmara,40.7568793,30.378138
566,232,54,Sakarya,Serdivan,ADAŞAH'TAN 140000₺ PEŞİN AYDA 9500₺ TAKSİT FLUENCE DİZEL OTOMTİK,376.0,TL,Marmara,40.7568793,30.378138
567,547,54,Sakarya,Serdivan,2015 MODEL OTOMATİK VİDES ICON FLUENCE,425.0,TL,Marmara,40.7568793,30.378138
568,840,54,Sakarya,Serdivan,OTOMATİK MÜKEMMEL KONDİSYON'DA BAKIMLI FLUENCE,448.0,TL,Marmara,40.7568793,30.378138
569,7,55,Samsun,Bafra,KAPLAN OTOMOTİV DEN OTOMATİK İCON FLUENCE.,475.0,TL,Kara Deniz,41.292782,36.33128
570,11,55,Samsun,Bafra,"2015 MODEL MASRAFSIZ,BAKIMLI FLUENCE 1.5 DCI TOUCH",350.9,TL,Kara Deniz,41.292782,36.33128
571,563,55,Samsun,Bafra,2011 RENAULT FLUUANCE 1.5 DCİ EXTREME HATASIZ 160 BİN'DE,338.5,TL,Kara Deniz,41.292782,36.33128
572,729,55,Samsun,Bafra,2014 MODEL FLUENCE 1.5 DCİ OTOMATİK VİTES HATASIZ...,395.0,TL,Kara Deniz,41.292782,36.33128
573,886,55,Samsun,Bafra,HATASIZ DİZEL OTOMATİK İCON,405.0,TL,Kara Deniz,41.292782,36.33128
574,854,55,Samsun,Havza,BOYASIZ DEĞİŞENSİZ İSTEYENLER İÇİN,445.0,TL,Kara Deniz,41.292782,36.33128
575,218,55,Samsun,Tekkeköy,KAMER DEN 2015 RENAULT FLUENCE 1.5 DCİ TOUCH DİZEL OTOMATİK,465.0,TL,Kara Deniz,41.292782,36.33128
576,955,55,Samsun,Tekkeköy,TÜRKİYE DE SAYILI KOLTUK ISITMALI İKLİM PAKET LANSMAN RENK,365.0,TL,Kara Deniz,41.292782,36.33128
577,72,55,Samsun,Terme,2016 MODEL RENAULT FLUENCE İCON PRESTİJ HATASIZ BOYASIZ 80'KM'DE,585.5,TL,Kara Deniz,41.292782,36.33128
578,357,55,Samsun,Çarşamba,"SAHİBİNDEN ACİLL,ÇOK TEMİZ SANRUFLU 110 LUK İCON PRESTİJ PAKET.",417.0,TL,Kara Deniz,41.292782,36.33128
579,877,55,Samsun,Çarşamba,SAHİBİNDEN TEMİZ FLUENCE 1.5 dci İCON,446.5,TL,Kara Deniz,41.292782,36.33128
580,379,55,Samsun,İlkadım,İCON GÖRÜNÜMLÜ TOUCH PLUS HATASIZ,362.0,TL,Kara Deniz,41.292782,36.33128
581,451,56,Siirt,Merkez,SAHİBİNDEN TEMİZ 2016 OTOMATİK,419.0,TL,Guney Dogu,37.94429,41.93288
582,99,57,Sinop,Boyabat,Bakımları ful yapılmış Masrafsız Aile aracı,369.0,TL,Kara Deniz,42.0264222,35.1550745
583,716,57,Sinop,Erfelek,orjinal ful bimaractir,375.0,TL,Kara Deniz,42.0264222,35.1550745
584,45,58,Sivas,Merkez,Hatasız ve boyasız,418.0,TL,Ic Anadolu,39.747662,37.017879
585,70,58,Sivas,Merkez,HATASIZ FLUENCE,405.0,TL,Ic Anadolu,39.747662,37.017879
586,215,58,Sivas,Merkez,73.000 Km'de Hatasız Fluance Extreme Edition 1.5 Dizel,429.0,TL,Ic Anadolu,39.747662,37.017879
587,298,58,Sivas,Merkez,GOLD CAR'DAN FLUNCE 1.5 DCI ICON PRESTİJ SUNROOF'LU,465.0,TL,Ic Anadolu,39.747662,37.017879
588,377,58,Sivas,Merkez,2011 ~ ORİJİNAL ~ 6 İLERİ ~ 105 HP ~ DEĞİŞENSİZ ~ MASRAFSIZ,349.0,TL,Ic Anadolu,39.747662,37.017879
589,915,58,Sivas,Merkez,2013 FLUENCE 1.5-DCI-OTOMATİK,399.999,TL,Ic Anadolu,39.747662,37.017879
590,121,58,Sivas,Suşehri,BAKIMLI DÜZGÜN EKSİKSİZ ARAÇ,310.0,TL,Ic Anadolu,39.747662,37.017879
591,187,59,Tekirdağ,Kapaklı,sahibinden nokta hatasız,410.0,TL,Marmara,40.9833333,27.5166667
592,739,59,Tekirdağ,Kapaklı,TEMİZ FLUENCE 2011 181.000KM,325.0,TL,Marmara,40.9833333,27.5166667
593,55,59,Tekirdağ,Süleymanpaşa,Fluence 2011 Bayandan Temiz,330.0,TL,Marmara,40.9833333,27.5166667
594,112,59,Tekirdağ,Süleymanpaşa,Orjinal ilk günkü gibi tertemiz 2012 model renault fulace,285.5,TL,Marmara,40.9833333,27.5166667
595,374,59,Tekirdağ,Süleymanpaşa,Temiz 2015 fluence,395.0,TL,Marmara,40.9833333,27.5166667
596,844,59,Tekirdağ,Süleymanpaşa,AK AUTODAN 2012 FLUENCE 1.5 dCi Business 110 hb 155 BİNDE,360.0,TL,Marmara,40.9833333,27.5166667
597,517,59,Tekirdağ,Çerkezköy,ÇOK TEMİZ PIRIL PIRIL İCON OTOMATİK,437.5,TL,Marmara,40.9833333,27.5166667
598,796,59,Tekirdağ,Çerkezköy,HATASIZ BOYASIZ DİZEL OTOMATİK VİTES,363.9,TL,Marmara,40.9833333,27.5166667
599,41,59,Tekirdağ,Çorlu,RENAULT FLUANCE BOYASIZ/1.5dci/ED­C/110BG/152.600KM,392.5,TL,Marmara,40.9833333,27.5166667
600,54,59,Tekirdağ,Çorlu,acil satılık,350.0,TL,Marmara,40.9833333,27.5166667
601,60,59,Tekirdağ,Çorlu,sahibinden privallege.,355.0,TL,Marmara,40.9833333,27.5166667
602,628,59,Tekirdağ,Çorlu,AS Plus'tan 2015 Renault Fluence 1.5 DCİ Touch Otomatik,359.0,TL,Marmara,40.9833333,27.5166667
603,683,60,Tokat,Almus,POLAT OTO dan HATASIZ,445.0,TL,Kara Deniz,40.3166667,36.55
604,496,60,Tokat,Erbaa,sıfırdan farkı km si,388.0,TL,Kara Deniz,40.3166667,36.55
605,567,60,Tokat,Erbaa,Sahibinden Hatasız Boyasız,407.5,TL,Kara Deniz,40.3166667,36.55
606,891,60,Tokat,Merkez,POLAT AUTO'DAN 2012 HATASIZ BOYASIZ RENAULT FLUENCE 115 BİN KM,409.9,TL,Kara Deniz,40.3166667,36.55
607,387,61,Trabzon,Akçaabat,ALFA AUTO'DAN 2014 DİZEL OTOMATİK FLUENCE,435.0,TL,Kara Deniz,41.0,39.7333333
608,498,61,Trabzon,Akçaabat,2015 Renault Fluence 1.5 dCi 110 HP EDC HATASIZ,445.0,TL,Kara Deniz,41.0,39.7333333
609,589,61,Trabzon,Akçaabat,HATASIZ ARAÇ ARAYANLARA,328.0,TL,Kara Deniz,41.0,39.7333333
610,93,61,Trabzon,Hayrat,2014 hatasız boyasız icon fluence,428.0,TL,Kara Deniz,41.0,39.7333333
611,228,61,Trabzon,Maçka,2012 model aracım satılık,305.0,TL,Kara Deniz,41.0,39.7333333
612,651,61,Trabzon,Of,Fluence 1.5 DCI Touch EDC,380.0,TL,Kara Deniz,41.0,39.7333333
613,91,61,Trabzon,Ortahisar,Hatasız Boyasız Tramersiz 123 bin Km de Otomatik İcon S.Bakımlı,449.0,TL,Kara Deniz,41.0,39.7333333
614,691,61,Trabzon,Ortahisar,RENAULT / FLUENCE /1.5 DCİ TOUCH / HATASIZ / BOYASIZ / TRAMERSİZ,455.0,TL,Kara Deniz,41.0,39.7333333
615,882,61,Trabzon,Ortahisar,HATASIZ DEĞİŞENSİZ FLUENCE TOUCH 2015 MODEL.,397.5,TL,Kara Deniz,41.0,39.7333333
616,672,61,Trabzon,Yomra,MEMURDAN HATASIZ BOYASIZ FLUENCE İCON,460.0,TL,Kara Deniz,41.0,39.7333333
617,44,65,Van,Edremit,memurdan fullance,325.0,TL,Dogu Anadolu,38.4941667,43.38
618,265,65,Van,Edremit,'AHMET KARAASLAN' 2015 FLUENCE TOUCH 151 KM DE FABRİKA EKRAN,401.0,TL,Dogu Anadolu,38.4941667,43.38
619,566,65,Van,Edremit,2011 RENAULT FLUENCE HASAR KAYITSIZ DİZEL BUSİNESS,262.0,TL,Dogu Anadolu,38.4941667,43.38
620,860,65,Van,Edremit,KAHVECİOĞLU AUTO DAN__RENAULT FLUANCE DİZEL OTOMATİK / HATASIZ!!,475.0,TL,Dogu Anadolu,38.4941667,43.38
621,363,65,Van,Erciş,HATASIZ 2016 TOUCH DSG (OTOMOTİK),425.0,TL,Dogu Anadolu,38.4941667,43.38
622,587,65,Van,Erciş,ARACIM 2015 MODEL ÇELİK CANTLI,400.0,TL,Dogu Anadolu,38.4941667,43.38
623,814,65,Van,Erciş,NOKTA HATASIZ SADECE 129 KM FLUENCE,419.75,TL,Dogu Anadolu,38.4941667,43.38
624,944,65,Van,Tuşba,2014. MODEL İCON PAKET LANSMAN RENG düşük km li,380.0,TL,Dogu Anadolu,38.4941667,43.38
625,40,65,Van,İpekyolu,Sahibinde 2013,350.0,TL,Dogu Anadolu,38.4941667,43.38
626,104,65,Van,İpekyolu,saglikcidan acil satılık,310.0,TL,Dogu Anadolu,38.4941667,43.38
627,804,65,Van,İpekyolu,ÇOK ÇOK TEMİZ ARAYANLARA,340.0,TL,Dogu Anadolu,38.4941667,43.38
628,481,77,Yalova,Merkez,MESA OTOMOTİV DEN,317.0,TL,Marmara,40.65,29.2666667
629,646,77,Yalova,Merkez,Sahibinden 2016 hasar kayıtsız fluence,435.0,TL,Marmara,40.65,29.2666667
630,673,77,Yalova,Merkez,##OTOMATİK TOUCH PAKET##,385.5,TL,Marmara,40.65,29.2666667
631,286,77,Yalova,Çiftlikköy,SAHİBİNDEN BAKIMLI 2010 FULANCE,285.0,TL,Marmara,40.65,29.2666667
632,430,77,Yalova,Çiftlikköy,MUAYENESİ YENİ SAAT GİBİ düşük KM,389.5,TL,Marmara,40.65,29.2666667
633,320,77,Yalova,Çınarcık,SAHİBİNDEN FLUENCE,330.0,TL,Marmara,40.65,29.2666667
634,775,66,Yozgat,Akdağmadeni,Aracımız 2015 2016 çıkışlı hatasız Ful +Ful icon prestij,478.5,TL,Ic Anadolu,39.82,34.8044444
635,684,66,Yozgat,Kadışehri,NOKTA HATASIZ DEYİŞENSİZ..!,450.0,TL,Ic Anadolu,39.82,34.8044444
636,252,66,Yozgat,Merkez,sahibinden hatasız boyasiz,370.0,TL,Ic Anadolu,39.82,34.8044444
637,57,66,Yozgat,Sorgun,HATASIZ DEĞİŞENSİZ FLUENCE GÖRÜLMEYE DEĞER...,348.0,TL,Ic Anadolu,39.82,34.8044444
638,867,66,Yozgat,Sorgun,HATASIZ 2015 MODEL FLUANCE TOUCH 1.5DCI,385.0,TL,Ic Anadolu,39.82,34.8044444
639,43,66,Yozgat,Yerköy,"2015 MODEL RENAULT FLUENCE ICON PRESTİJ SANRUFF HATASIZ,BOYASIZ",468.0,TL,Ic Anadolu,39.82,34.8044444
640,14,66,Yozgat,Çekerek,2015 ICON DEĞİŞENSİZ KAYITSIZ,445.0,TL,Ic Anadolu,39.82,34.8044444
641,26,66,Yozgat,Şefaatli,2012 MODEL RENAULT FLUENCE 1.5DCİ,275.0,TL,Ic Anadolu,39.82,34.8044444
642,86,67,Zonguldak,Merkez,Renault Fluence Otomatik 110'luk,301.0,TL,Kara Deniz,41.456409,31.798731
643,686,67,Zonguldak,Merkez,Piyasanın en uygunu 2010 Fluence ACİL,318.0,TL,Kara Deniz,41.456409,31.798731
644,539,17,Çanakkale,Biga,''BİGA OTOMOTİV'' RENAULT Fluence 1.5 DCI Dynamic OTOMATİK,299.75,TL,Marmara,40.155312,26.41416
645,453,17,Çanakkale,Merkez,Emekliden Satılık...2015 otomatik...Değiş­ensiz...110'luk,379.9,TL,Marmara,40.155312,26.41416
646,77,19,Çorum,Merkez,"HATASIZ, FLUANCE DYN.,1.5 DCI, 110 BG, 135000km.de",372.0,TL,Kara Deniz,40.5505556,34.9555556
647,284,19,Çorum,Merkez,"2016 FLUENCE 1,5 DCİ İCON PRESTİGE OTOMATİK BOYASIZ",527.5,TL,Kara Deniz,40.5505556,34.9555556
648,532,19,Çorum,Sungurlu,2016 FLUENCE 1.5 TOUCH MANUEL SADECE 66.000 KM DEĞİŞENSİZ,450.0,TL,Kara Deniz,40.5505556,34.9555556
649,761,19,Çorum,Sungurlu,ORJİNAL 87.000KM+ANAHTARSIZ ÇALIŞTIRMA+KATLANIR AYNA+DEĞİŞENSİZ,409.9,TL,Kara Deniz,40.5505556,34.9555556
650,471,34,İstanbul,Arnavutköy,Renault Fluence,310.0,TL,Marmara,41.00527,28.97696
651,1,34,İstanbul,Ataşehir,TÜREN'den 2015 FLUENCE / DİZEL - OTOMATİK / TOUCH 110PS,338.5,TL,Marmara,41.00527,28.97696
652,38,34,İstanbul,Ataşehir,2016 model Fluence otomatik 155 km,362.5,TL,Marmara,41.00527,28.97696
653,282,34,İstanbul,Ataşehir,ARB'DEN 2011 MODEL 1.5 DCI EXTREME RENAULT FLUENCE OTOMATİK,299.75,TL,Marmara,41.00527,28.97696
654,301,34,İstanbul,Ataşehir,HIZLI KREDİ 2015 FLUENCE 1.5 DCİ İCON EDC**123.756 KM**,479.75,TL,Marmara,41.00527,28.97696
655,495,34,İstanbul,Ataşehir,2012 DİZEL OTOMATİK TRAMERSİZ DEĞİŞENSİZ FLUENCE,315.0,TL,Marmara,41.00527,28.97696
656,548,34,İstanbul,Ataşehir,*116.500 TL PEŞİNATLA*DİZEL OTOMATİK*2015 RENAULT FLUENCE TOUCH*,399.95,TL,Marmara,41.00527,28.97696
657,719,34,İstanbul,Ataşehir,MS CAR'DAN 2010 DİZEL+SUNROOF RENAULT FLUENCE PRİVİLEGE,335.0,TL,Marmara,41.00527,28.97696
658,779,34,İstanbul,Ataşehir,sahibinden satılık Fluence,345.0,TL,Marmara,41.00527,28.97696
659,954,34,İstanbul,Ataşehir,KAMPANYALI 3 AY ERTELEMELİ SENETLE %30 PEŞİNAT12 24 36 AY VADELİ,315.95,TL,Marmara,41.00527,28.97696
660,20,34,İstanbul,Avcılar,2016 MODEL FLUENCE 1.5 DCİ TOUCH MASRAFSIZ,365.0,TL,Marmara,41.00527,28.97696
661,122,34,İstanbul,Avcılar,Sahibinde Hatasız 2 Parça Boyalı,388.0,TL,Marmara,41.00527,28.97696
662,295,34,İstanbul,Avcılar,~HATASIZ DÜŞÜK KİLOMETRE FLUENCE~,418.0,TL,Marmara,41.00527,28.97696
663,407,34,İstanbul,Avcılar,SAHİBİNDEN KAZASIZ MASRAFSIZ 110 PS 6 VİTES İCON,445.0,TL,Marmara,41.00527,28.97696
664,564,34,İstanbul,Avcılar,2012 RENAULT FLUENCE 1.5DCİ EXTREME OTOMOTİK ARABACI OTO,329.0,TL,Marmara,41.00527,28.97696
665,570,34,İstanbul,Avcılar,2016 ÇIKIŞLI DÜŞÜK KM YENİ MUAYENE,390.0,TL,Marmara,41.00527,28.97696
666,633,34,İstanbul,Avcılar,GÜNLÜK 600₺ HAFTALIK 4000₺,600.0,TL,Marmara,41.00527,28.97696
667,880,34,İstanbul,Avcılar,Tertemiz Bakımlı Aile aracı acill!,318.0,TL,Marmara,41.00527,28.97696
668,73,34,İstanbul,Bahçelievler,144.000 KM TEMİZ FLUENCE,320.0,TL,Marmara,41.00527,28.97696
669,297,34,İstanbul,Bahçelievler,OTOMATİK FLUENC %30 PEŞİNAT %1.99 ORANLARLA 36 AYA,343.0,TL,Marmara,41.00527,28.97696
670,537,34,İstanbul,Bahçelievler,temiz fluence,260.0,TL,Marmara,41.00527,28.97696
671,630,34,İstanbul,Bahçelievler,KUSURSUZ 1.5 dCİ JOY KAZASIZ DEĞİŞENSİZ,319.9,TL,Marmara,41.00527,28.97696
672,404,34,İstanbul,Bakırköy,Uygun fluence,382.5,TL,Marmara,41.00527,28.97696
673,557,34,İstanbul,Bakırköy,ORJİNAL DEĞİŞENSİZ OTOMATİK İCON 2015 çıkışlı,359.0,TL,Marmara,41.00527,28.97696
674,715,34,İstanbul,Bakırköy,2016 FLUENCE 1.5 DCİ TOUCH MANUEL DEĞİŞENSİZ TEMİZ ARAÇ......,367.5,TL,Marmara,41.00527,28.97696
675,768,34,İstanbul,Bakırköy,Bize sormadan kiralamayin,370.0,TL,Marmara,41.00527,28.97696
676,37,34,İstanbul,Bayrampaşa,''BATE MOTORS''2014 MODEL FLUENCE 1.5 DCİ OTOMATİK TOUCH...,309.0,TL,Marmara,41.00527,28.97696
677,188,34,İstanbul,Bayrampaşa,Sahibinden 2016 masrafsız Fluence,415.0,TL,Marmara,41.00527,28.97696
678,503,34,İstanbul,Bayrampaşa,2012 MODEL 1.5 DİZEL OTOMATİK SERVİS BAKIMLI MASRSFSIZ,329.9,TL,Marmara,41.00527,28.97696
679,25,34,İstanbul,Bağcılar,"YEL MOTORS'TAN,6 İLERİ,110'LUK FLUENCE",196.5,TL,Marmara,41.00527,28.97696
680,46,34,İstanbul,Bağcılar,Temiz bakımlı araç,365.0,TL,Marmara,41.00527,28.97696
681,95,34,İstanbul,Bağcılar,DS CAR DAN 2016 MODEL FLUENCE 1.5 DCİ TOUCH DİZEL OTOMATİK,437.5,TL,Marmara,41.00527,28.97696
682,243,34,İstanbul,Bağcılar,HANLI 2013 RENAULT FLUENCE 1.5 DCİ JOY,375.0,TL,Marmara,41.00527,28.97696
683,300,34,İstanbul,Bağcılar,Fluence 1.5 dci Touch Plus emsallerinin en iyisi ACİL Satılık,433.0,TL,Marmara,41.00527,28.97696
684,329,34,İstanbul,Bağcılar,OTOMATİK FULUENCE,432.25,TL,Marmara,41.00527,28.97696
685,330,34,İstanbul,Bağcılar,"""ATAMAN EFE"" 150.000 PEŞİNATLA "" ÇEK SENET VADE İMKANI!!!",485.0,TL,Marmara,41.00527,28.97696
686,334,34,İstanbul,Bağcılar,"FIAT ERKAY'DAN 2016 RENAULT FLUENCE 1.5 DCI TOUCH, 60.404 KM.",398.9,TL,Marmara,41.00527,28.97696
687,449,34,İstanbul,Bağcılar,Asalet satışta,280.0,TL,Marmara,41.00527,28.97696
688,611,34,İstanbul,Bağcılar,2016 DİZEL OTOMATİK TEMİZ ARAÇ ARAYANLARA DEĞİŞENSİZ,449.0,TL,Marmara,41.00527,28.97696
689,650,34,İstanbul,Bağcılar,2012 İLK SAHİBİ SERVİS BAKIMLI ORJ. KM EMSALSİZ TEMİZLİKTE,296.9,TL,Marmara,41.00527,28.97696
690,677,34,İstanbul,Bağcılar,Sahibinden düşük km li fluence sanruflu,299.0,TL,Marmara,41.00527,28.97696
691,748,34,İstanbul,Bağcılar,TAKAS OLUR.2012 RENAULT FLUENCE 1.6 BENZİN+LPG OTOMATİK VİTES,294.75,TL,Marmara,41.00527,28.97696
692,767,34,İstanbul,Bağcılar,ARAÇ FOTOLARI YAKINDA YÜKLEME YAPILACAKTIR,290.0,TL,Marmara,41.00527,28.97696
693,805,34,İstanbul,Bağcılar,2015 Çıkışlı İcon + Prestige+ RLink+ Sunroff Full+Full Fluence,455.0,TL,Marmara,41.00527,28.97696
694,827,34,İstanbul,Bağcılar,"Sahibinden kapı, 1 çamurluk boyalı,1 lokal ve bagaj değişen",365.0,TL,Marmara,41.00527,28.97696
695,850,34,İstanbul,Bağcılar,2015 MOD OTOMATİK İCON PRESTİŞ SANRUFLU,445.0,TL,Marmara,41.00527,28.97696
696,857,34,İstanbul,Bağcılar,TEMİZ AİLE ARACI DİZEL FLUENCE 148 BİN DE,349.0,TL,Marmara,41.00527,28.97696
697,920,34,İstanbul,Bağcılar,"2012 FLUENCE 1.5DCİ """"EN.TEMİZİ. .EN.GÜZELİ""""",293.0,TL,Marmara,41.00527,28.97696
698,118,34,İstanbul,Başakşehir,Sahibinden Temiz Fluence 1.5 DCI Touch Edc- Otomatik,360.0,TL,Marmara,41.00527,28.97696
699,162,34,İstanbul,Başakşehir,YER UÇAĞI SATIŞDA,285.0,TL,Marmara,41.00527,28.97696
700,172,34,İstanbul,Başakşehir,Sahibinden 2015 RENAULT FLUENCE 1.5 dCi ICON 110bg 6 ileri,459.0,TL,Marmara,41.00527,28.97696
701,198,34,İstanbul,Başakşehir,Azyakar çok kaçar,305.0,TL,Marmara,41.00527,28.97696
702,488,34,İstanbul,Başakşehir,RENAULT FLUENCE 1.5 DCI TOUCH HATASIZ,390.0,TL,Marmara,41.00527,28.97696
703,502,34,İstanbul,Başakşehir,PLAKALI RUHSATLI ÇALIŞIR YÜRÜR EDC BEYİN ARIZALI,245.0,TL,Marmara,41.00527,28.97696
704,538,34,İstanbul,Başakşehir,ÇOK TEMİZ BAKIMLI,805.0,TL,Marmara,41.00527,28.97696
705,619,34,İstanbul,Başakşehir,2016 MODEL RENAULT FLUENCE 1.5 DİZEL OTOMATİK 156.000 KM,430.0,TL,Marmara,41.00527,28.97696
706,676,34,İstanbul,Başakşehir,GCL AUTO RENAULT FLUENCE DİESEL MANUEL 110HP,345.0,TL,Marmara,41.00527,28.97696
707,681,34,İstanbul,Başakşehir,SAHIBINDEN ACİL DÜŞÜK FIYAT SUNROOFLU FULL+FULL FLUENCE,360.0,TL,Marmara,41.00527,28.97696
708,931,34,İstanbul,Başakşehir,Acıl sahibinden,310.0,TL,Marmara,41.00527,28.97696
709,184,34,İstanbul,Beykoz,DİZEL OTOMATİK 110LUK DÜŞÜK KM EMSELSİZ TEMİZTE !!!!!!!!,395.0,TL,Marmara,41.00527,28.97696
710,459,34,İstanbul,Beykoz,2015 OTOMATİK HATASIZ,375.0,TL,Marmara,41.00527,28.97696
711,477,34,İstanbul,Beykoz,!!!ORJİNAL!!!,399.0,TL,Marmara,41.00527,28.97696
712,787,34,İstanbul,Beykoz,Renault Fluence 2011 business sahibinden,290.0,TL,Marmara,41.00527,28.97696
713,22,34,İstanbul,Beylikdüzü,ACN MOTORSDAN 2012 RENAULT FLUENCE 1.5 DCi EDC,349.5,TL,Marmara,41.00527,28.97696
714,94,34,İstanbul,Beylikdüzü,2012 MODEL OTOMATİK RENAULT FLUENCE,245.0,TL,Marmara,41.00527,28.97696
715,280,34,İstanbul,Beylikdüzü,2016 RENAULT FLUENCE 1.5DCI TOUCH OTOMATİK Ç.JANT BAKIMLI,343.0,TL,Marmara,41.00527,28.97696
716,403,34,İstanbul,Beylikdüzü,Aile aracıdır ve Kapalı garajda,345.0,TL,Marmara,41.00527,28.97696
717,416,34,İstanbul,Beylikdüzü,SATILIK EVLAT,390.0,TL,Marmara,41.00527,28.97696
718,436,34,İstanbul,Beylikdüzü,Acil Yakıt Cimrisi Dosta gidecek Araç,445.0,TL,Marmara,41.00527,28.97696
719,752,34,İstanbul,Beylikdüzü,FLUENCE 2012 SAHİBİNDEN,290.0,TL,Marmara,41.00527,28.97696
720,470,34,İstanbul,Beyoğlu,takas olur 242000 km,325.0,TL,Marmara,41.00527,28.97696
721,125,34,İstanbul,Beşiktaş,MAKYAJLI KASA LANSMAN RENK DİZEL OTOMATİK 188 KM,279.999,TL,Marmara,41.00527,28.97696
722,576,34,İstanbul,Büyükçekmece,2012 RENAULT FLUENCE 1.5 DİZEL OTOMATİK 110 LUK,293.5,TL,Marmara,41.00527,28.97696
723,825,34,İstanbul,Büyükçekmece,dosta gidecek araba,362.0,TL,Marmara,41.00527,28.97696
724,950,34,İstanbul,Büyükçekmece,GENERAL'DEN 199.000 KM OTOMATİK 4 PARÇA BOYA TRAMERSİZ 110 LUK,379.9,TL,Marmara,41.00527,28.97696
725,629,34,İstanbul,Esenler,139 binde orjinal 6 bin tramer,280.0,TL,Marmara,41.00527,28.97696
726,678,34,İstanbul,Esenler,Sahibinden temiz bakımlı 2012 privilage,385.5,TL,Marmara,41.00527,28.97696
727,736,34,İstanbul,Esenler,2013-İCON-OTOMATİK,348.5,TL,Marmara,41.00527,28.97696
728,869,34,İstanbul,Esenler,HATASIZ DEĞİŞENSİZ TRAMERSİZ DÜŞÜK KM FLUENCE TOUCH,475.0,TL,Marmara,41.00527,28.97696
729,29,34,İstanbul,Esenyurt,HATASIZ DEĞİŞENSİZ DİZEL OTOMATİK,440.0,TL,Marmara,41.00527,28.97696
730,52,34,İstanbul,Esenyurt,ALAN AUTO 2016 FLUENCE DEĞİŞENSİZ BAKIMLI 1.99 ORANDAN KREDİ,372.75,TL,Marmara,41.00527,28.97696
731,76,34,İstanbul,Esenyurt,RENAULT FLUENCE 1.5DCİ MANUEL,345.0,TL,Marmara,41.00527,28.97696
732,87,34,İstanbul,Esenyurt,ALÇ OTOMOTİV'DEN 2016 RENAULT FLUANCE İCON,435.0,TL,Marmara,41.00527,28.97696
733,164,34,İstanbul,Esenyurt,DİCLE'den 2016 FLUENCE TOUCH PLUS 173/BİNDE KREDİ İMKANI,415.5,TL,Marmara,41.00527,28.97696
734,177,34,İstanbul,Esenyurt,Renault Fluence taç,459.0,TL,Marmara,41.00527,28.97696
735,206,34,İstanbul,Esenyurt,SAHİBİNDEN 2016 MODEL HATASIZ BOYASIZ TRAMERSİZ 82.000KM FLUENCE,475.0,TL,Marmara,41.00527,28.97696
736,251,34,İstanbul,Esenyurt,2011-FLUENCE-1 5-EXTREME-FIRSA­T-ARACI-YENİ-MU­AYNELİ-MAKYAJLI KAS,228.5,TL,Marmara,41.00527,28.97696
737,259,34,İstanbul,Esenyurt,"3M,DEN MASRAFSIZ FLUENCE TOUCH OTOMOTİK",353.9,TL,Marmara,41.00527,28.97696
738,360,34,İstanbul,Esenyurt,2011 model 141binde Fluence,320.0,TL,Marmara,41.00527,28.97696
739,386,34,İstanbul,Esenyurt,ADİL OTOMOTİVDEN 2016 RENAULT FLUENCE EDC EMSALSİZ TEMİZLİKTE,429.0,TL,Marmara,41.00527,28.97696
740,398,34,İstanbul,Esenyurt,KM Sİ ORJİNAL TEMİZ FLUENCE,357.0,TL,Marmara,41.00527,28.97696
741,413,34,İstanbul,Esenyurt,Temiz aile aracı,355.0,TL,Marmara,41.00527,28.97696
742,478,34,İstanbul,Esenyurt,POYRAZ OTOMOTİV'DEN 2015 FLUENCE 1.5 DCİ OTOMATİK !!HATASIZ!!,435.0,TL,Marmara,41.00527,28.97696
743,497,34,İstanbul,Esenyurt,OTOPORT KOÇSAN'DAN YENİ FLUENCE DİZEL+OTOMTK 139BİNDE DEĞİŞENSİZ,359.0,TL,Marmara,41.00527,28.97696
744,509,34,İstanbul,Esenyurt,2016 TRAFİĞE ÇKŞLI FLUENCE TOUCH PLUS ANNTRSIZ ÇLŞ HIZ SABİTLE,367.5,TL,Marmara,41.00527,28.97696
745,636,34,İstanbul,Esenyurt,temiz fluance dosta gider,365.0,TL,Marmara,41.00527,28.97696
746,897,34,İstanbul,Esenyurt,Memurdan görülmeye değer otomatik fluance,389.0,TL,Marmara,41.00527,28.97696
747,898,34,İstanbul,Esenyurt,ÜNLÜDEN 2016 ÇIKIŞLI 199 KM'DE OTOMATİK VİTES,335.0,TL,Marmara,41.00527,28.97696
748,936,34,İstanbul,Esenyurt,YUNUS MOTORSDAN 2012 FLUENCE EMSALSİZ,279.0,TL,Marmara,41.00527,28.97696
749,313,34,İstanbul,Eyüpsultan,EXTREME+FLUE­NCE+OTOMATİK VİTES+DEĞİŞ­ENSİZ+KREM DÖŞEME+DİZEL,314.0,TL,Marmara,41.00527,28.97696
750,730,34,İstanbul,Eyüpsultan,Sahibinden fluencee,405.0,TL,Marmara,41.00527,28.97696
751,733,34,İstanbul,Eyüpsultan,"KAR TOYOTA FORD YETKİLİ BAYİDEN TOUCH DİZEL OTOMATİK FLUENCE 1.5
Yetkili Bayi",389.9,TL,Marmara,41.00527,28.97696
752,899,34,İstanbul,Eyüpsultan,DEĞİŞENSİZ-DİZEL­OTOMATİK-FLUENCE,293.5,TL,Marmara,41.00527,28.97696
753,5,34,İstanbul,Fatih,Otomatik Temiz 2015 Renault fluence,425.0,TL,Marmara,41.00527,28.97696
754,474,34,İstanbul,Fatih,HASARSIZ MASRAFSIZ AİLE ARACI,450.0,TL,Marmara,41.00527,28.97696
755,195,34,İstanbul,Gaziosmanpaşa,2013 FLUENCE TOUCH PLUS START STOP YENİ KASA FUL 0534 344 01 65,239.8,TL,Marmara,41.00527,28.97696
756,212,34,İstanbul,Gaziosmanpaşa,Renault Fluence Icon 2015 hasarsız,418.0,TL,Marmara,41.00527,28.97696
757,283,34,İstanbul,Gaziosmanpaşa,RENAULT FULENCE 1.5 DCİ TOUCH PLUS EDC HATASİZ 2016,418.0,TL,Marmara,41.00527,28.97696
758,687,34,İstanbul,Gaziosmanpaşa,2014 model 145.000'de orijinal,372.0,TL,Marmara,41.00527,28.97696
759,551,34,İstanbul,Güngören,SAHİBİNDEN TEMİZ ARAÇ ARAYANLARA,422.0,TL,Marmara,41.00527,28.97696
760,797,34,İstanbul,Güngören,Fluence-full,410.0,TL,Marmara,41.00527,28.97696
761,56,34,İstanbul,Kadıköy,2012 MODEL SAHİBİNDEN KAZASIZ OTOMATİK,289.0,TL,Marmara,41.00527,28.97696
762,159,34,İstanbul,Kadıköy,EMRON'DAN_2016_ÇIKIŞ­LI_DEGİŞEN_YOK_BOYA YOK_ORJİNAL_145 BİNKM DE,415.0,TL,Marmara,41.00527,28.97696
763,174,34,İstanbul,Kadıköy,ekpertiz e açıktır acelemiz yok,350.0,TL,Marmara,41.00527,28.97696
764,216,34,İstanbul,Kadıköy,82.000 KM FLUENCE 1.6 TOUCH PLUS OTOMATİK VİTES,356.5,TL,Marmara,41.00527,28.97696
765,371,34,İstanbul,Kadıköy,Sahibinden temiz kullanılmış,420.0,TL,Marmara,41.00527,28.97696
766,864,34,İstanbul,Kadıköy,AFS OTOMOTİV'DEN BOYASIZ HATASIZ FLUANCE İCONN...,432.95,TL,Marmara,41.00527,28.97696
767,892,34,İstanbul,Kadıköy,SADECE 138.000 KM'DE 2011 MODEL RENAULT FLUENCE 1.5 DCİ DYNAMİQU,325.0,TL,Marmara,41.00527,28.97696
768,51,34,İstanbul,Kartal,2012 RENAULT FLUENCE 1.5 dCi PRİVİLEGE EDC 110 BG DİZEL-OTOMATİK,363.75,TL,Marmara,41.00527,28.97696
769,140,34,İstanbul,Kartal,CLS CAR RENTAL DEN FLUENCE HİZMETİNİZDE,280.0,TL,Marmara,41.00527,28.97696
770,169,34,İstanbul,Kartal,EGE MOTORS/RENAULT FLUENCE/1.5DCİ /TOUCH/DİZEL/OT­OMATİK/BAKIMLI,375.0,TL,Marmara,41.00527,28.97696
771,289,34,İstanbul,Kartal,---EAGLE RENT A CARDAN GÜNLÜK AYLIK YILLIK KİRALIK FLUENCE ---,600.0,TL,Marmara,41.00527,28.97696
772,420,34,İstanbul,Kartal,SAHİBİNDEN RENAULT FLUENCE TEMİZ AİLE ARACI,350.0,TL,Marmara,41.00527,28.97696
773,467,34,İstanbul,Kartal,SAHİBİNDEN HATASIZ,400.0,TL,Marmara,41.00527,28.97696
774,731,34,İstanbul,Kartal,RENAULT FLUENCE 1.5 dCi EXTREME EDITION 110 HP 6 İLERİ,288.0,TL,Marmara,41.00527,28.97696
775,734,34,İstanbul,Kartal,SAHİBİNDEN 110 HP 6 İLERİ TRAMERSİZ FLUENCE ACİLLL,342.95,TL,Marmara,41.00527,28.97696
776,226,34,İstanbul,Kağıthane,HANDEMİR MOTORS 2012 RENAULT FLUENCE 1.5 DCİ 110 HP 75.500 KM,385.0,TL,Marmara,41.00527,28.97696
777,263,34,İstanbul,Kağıthane,Doktordan Tertemiz bakımlı fluence touch plus,580.0,TL,Marmara,41.00527,28.97696
778,425,34,İstanbul,Kağıthane,SAHİBİNDEN SATILIK DİZEL OTOMATİK SINIFININ TEMİZ ARACI,395.0,TL,Marmara,41.00527,28.97696
779,535,34,İstanbul,Kağıthane,Sahibinden masrafsiz araç,427.0,TL,Marmara,41.00527,28.97696
780,942,34,İstanbul,Kağıthane,DİZEL OTOMATİK FLUENCE,292.0,TL,Marmara,41.00527,28.97696
781,952,34,İstanbul,Kağıthane,ÇOK TEMİZ RENAULT FLUENCE EXTREME,308.0,TL,Marmara,41.00527,28.97696
782,671,34,İstanbul,Küçükçekmece,Sahibinden Servis Bakımlı,383.0,TL,Marmara,41.00527,28.97696
783,927,34,İstanbul,Küçükçekmece,2013 çıkışlı FLUENCE 1.5dci BUSİNESS 201.000 KM'DE TRAMERSİZ,295.5,TL,Marmara,41.00527,28.97696
784,12,34,İstanbul,Maltepe,Tek değişenli temiz arayanlara,338.0,TL,Marmara,41.00527,28.97696
785,42,34,İstanbul,Maltepe,BULUTTAN BAKIMLI ARAÇ,385.0,TL,Marmara,41.00527,28.97696
786,74,34,İstanbul,Maltepe,GÖZAÇAN MOTORLU ARAÇLAR 2013 RENAULT FLUENCE İCON EDC 78.000KM,390.0,TL,Marmara,41.00527,28.97696
787,157,34,İstanbul,Maltepe,▌ZENGİN'den ▌DAHA 104.000 KM 2016 FLUENCE ICON EDC,495.0,TL,Marmara,41.00527,28.97696
788,180,34,İstanbul,Maltepe,2013 FLEUNCE 105.000 km icon,445.0,TL,Marmara,41.00527,28.97696
789,562,34,İstanbul,Maltepe,Kamu görevlisinden fluence,340.0,TL,Marmara,41.00527,28.97696
790,685,34,İstanbul,Maltepe,AVANDGARDE DEN 2011 ORJİNAL 186 BİNDE EXTREME DİZEL MANUEL,295.75,TL,Marmara,41.00527,28.97696
791,16,34,İstanbul,Pendik,2017 MODEL ÇIKIŞLI SEZGİN GRUP GÜVENCESİYE,475.0,TL,Marmara,41.00527,28.97696
792,89,34,İstanbul,Pendik,!!!!! 1 değişien 3 parça lokal boya harici kusursuz çelik jantlı,345.0,TL,Marmara,41.00527,28.97696
793,196,34,İstanbul,Pendik,2010 fluance 1.5 dizel.. temiz araç,287.5,TL,Marmara,41.00527,28.97696
794,312,34,İstanbul,Pendik,ACİL İHTİYAÇTAN SATILIK TEMİZ AİLE ARACI FLUANCE 2016 OTOMATİK,370.0,TL,Marmara,41.00527,28.97696
795,356,34,İstanbul,Pendik,"DİZEL OTOMATİK FLUENCE , KARTAL , MALTEPE , PENDİK",390.0,TL,Marmara,41.00527,28.97696
796,456,34,İstanbul,Pendik,ruhsat sahibinden,335.0,TL,Marmara,41.00527,28.97696
797,583,34,İstanbul,Pendik,EMİN OTOMOTİV'DEN 2012 RENAULT FLUENCE 1.5 DCİ EXTREME,300.0,TL,Marmara,41.00527,28.97696
798,590,34,İstanbul,Pendik,SIFIR AYARINDA 65 BİNDE HATASIZ,499.0,TL,Marmara,41.00527,28.97696
799,631,34,İstanbul,Pendik,Sahibinden sorunsuz dijital gösterge fluence,247.0,TL,Marmara,41.00527,28.97696
800,940,34,İstanbul,Pendik,"2015 FLUENCE KAZA DEĞİŞEN YOK,YÜRÜR MOTOR MÜKEMMEL,SORUNSUZ...",407.0,TL,Marmara,41.00527,28.97696
801,151,34,İstanbul,Sancaktepe,2011 RENAULT FLUENCE 1.5 DCİ DYNAMİQUE / 6 İLERİ / FULL !,328.0,TL,Marmara,41.00527,28.97696
802,185,34,İstanbul,Sancaktepe,Temiz Aile Aracıdır,310.0,TL,Marmara,41.00527,28.97696
803,366,34,İstanbul,Sancaktepe,2014 HATASIZ RENAULT FLUENCE 1.5 dCİ JOY 109-000 Km YENİ MAKYAJ,348.75,TL,Marmara,41.00527,28.97696
804,418,34,İstanbul,Sancaktepe,DİZEL OTOMATİK 2015,330.0,TL,Marmara,41.00527,28.97696
805,424,34,İstanbul,Sancaktepe,IRMAKLAR OTOMOTİVDEN FLUENCE 1.5 TOUCH PLUS,322.5,TL,Marmara,41.00527,28.97696
806,746,34,İstanbul,Sancaktepe,FULL+FULL SAHİBİNDEN,425.0,TL,Marmara,41.00527,28.97696
807,773,34,İstanbul,Sancaktepe,Fluance ICON PRESTİJ Sunrooflu otomatik,445.0,TL,Marmara,41.00527,28.97696
808,885,34,İstanbul,Sancaktepe,AKSAM DAN 2016 RENAULT FLUENCE 1.5 DCI TOUCH,365.0,TL,Marmara,41.00527,28.97696
809,307,34,İstanbul,Sarıyer,FLUENCE 1.5 DCI JOY TEMİZ ARAÇ ARAYANLARA,320.0,TL,Marmara,41.00527,28.97696
810,383,34,İstanbul,Sarıyer,RAN MOTORS 2015 RENAULT FLUENCE TOUCH OTOMATİK,329.0,TL,Marmara,41.00527,28.97696
811,792,34,İstanbul,Sarıyer,2011 MODEL VADE VE TAKAS OLUR,275.0,TL,Marmara,41.00527,28.97696
812,391,34,İstanbul,Silivri,2014 İcon Paket değişensiz orjinal,330.0,TL,Marmara,41.00527,28.97696
813,809,34,İstanbul,Silivri,TEMİZ FLUENCE 2012 110 HP,290.0,TL,Marmara,41.00527,28.97696
814,173,34,İstanbul,Sultanbeyli,ICON PAKET STAR-STOPLU ELEKTRONİK ELFİRENİ DİJİTAL KLİMA,368.0,TL,Marmara,41.00527,28.97696
815,257,34,İstanbul,Sultanbeyli,Sahibinden Değişensiz 2013 Model Fluence,317.5,TL,Marmara,41.00527,28.97696
816,842,34,İstanbul,Sultanbeyli,*TA MOTORS* FLUENCE 2016 ÇIKIŞLI 155KM EDC 110HP İCON SANROOF,495.0,TL,Marmara,41.00527,28.97696
817,924,34,İstanbul,Sultanbeyli,**FLUENCE*E­XTREME+İÇİ BEJ+2011 FIRSAT ARACI**,259.0,TL,Marmara,41.00527,28.97696
818,949,34,İstanbul,Sultanbeyli,Değişensiz Hatasız Otomatik Vites Fluence Icon,419.5,TL,Marmara,41.00527,28.97696
819,19,34,İstanbul,Sultangazi,2016 166 BİNDE TEMİZ DEĞİŞENSİZ,403.0,TL,Marmara,41.00527,28.97696
820,210,34,İstanbul,Sultangazi,2015 TOUCH OTOMATİK + BAKIMLI + MASRAFSIZ + İLK ELDEN TEMİZ,345.0,TL,Marmara,41.00527,28.97696
821,475,34,İstanbul,Sultangazi,HATASIZ EMSALSIZ,380.0,TL,Marmara,41.00527,28.97696
822,846,34,İstanbul,Sultangazi,%50 NAKİT KALNI 24 AYA KADAR ELDEN SENET İMKANI VADE TAKAS OLUR,395.0,TL,Marmara,41.00527,28.97696
823,808,34,İstanbul,Tuzla,Degişensiz Çıtır Hasarlı FLUENC YARI OTOMATİK 1.5DCI,320.0,TL,Marmara,41.00527,28.97696
824,906,34,İstanbul,Tuzla,ACİL Temiz ve bakımlı bir araç,285.0,TL,Marmara,41.00527,28.97696
825,917,34,İstanbul,Tuzla,"Sahibinden Yeni kasa, dijital gösterge",302.0,TL,Marmara,41.00527,28.97696
826,447,34,İstanbul,Zeytinburnu,2015 model fuluens 1.5 DCİ otomatik,318.0,TL,Marmara,41.00527,28.97696
827,561,34,İstanbul,Çatalca,ÖZMENLER'DEN 2015 RENAULT FLUENCE 1.5 DCİ TOUCH EDC BAKIMLI,354.75,TL,Marmara,41.00527,28.97696
828,847,34,İstanbul,Çatalca,FLUENCE 1.5DCİ EDC 110HP DEĞİŞENSİZ-TRAMERSİZ 149BİNDE,400.0,TL,Marmara,41.00527,28.97696
829,4,34,İstanbul,Çekmeköy,Sorunsuz Dizel Fluence,340.0,TL,Marmara,41.00527,28.97696
830,632,34,İstanbul,Çekmeköy,ROZET AUTO'DAN 2016 HATASIZ BOYASIZ 1.5 DCI ICON FLUENCE,435.75,TL,Marmara,41.00527,28.97696
831,640,34,İstanbul,Çekmeköy,**DMD** 2011 MODEL DEĞİŞENSİZ MASRAFSIZ,297.3,TL,Marmara,41.00527,28.97696
832,765,34,İstanbul,Çekmeköy,Aile araçım satılık,225.0,TL,Marmara,41.00527,28.97696
833,62,34,İstanbul,Ümraniye,-KEYCLASS- 2011 Fluence 1.5DCI BAKIMLARI SIFIR YENİ YAPILMIŞTIR.,259.5,TL,Marmara,41.00527,28.97696
834,119,34,İstanbul,Ümraniye,Sahibinden satılık temiz fluence,315.0,TL,Marmara,41.00527,28.97696
835,128,34,İstanbul,Ümraniye,2015 Fluence Dizel OTOMATİK,367.5,TL,Marmara,41.00527,28.97696
836,271,34,İstanbul,Ümraniye,2012m.AZ HASARLI 169BİNDE ÇALIŞIR YÜRÜR DURUMDA 1.5DCI OTOMATİK,253.0,TL,Marmara,41.00527,28.97696
837,345,34,İstanbul,Ümraniye,Yeni motor bakımlı,235.0,TL,Marmara,41.00527,28.97696
838,614,34,İstanbul,Ümraniye,Acil sahibinden satılık,455.0,TL,Marmara,41.00527,28.97696
839,657,34,İstanbul,Ümraniye,174.000 KM DE TRAMERSİZ TERTEMİZ BAKIMLARI YENİ,385.75,TL,Marmara,41.00527,28.97696
840,670,34,İstanbul,Ümraniye,2016 MODEL DEĞİŞENSİZ ORJİNAL TOUCH PLUS,427.5,TL,Marmara,41.00527,28.97696
841,820,34,İstanbul,Ümraniye,KOTAN KARDEŞLER OTO DAN 2013. FLUENCE İCON 155 BİN KM 1.5 DCİ,357.0,TL,Marmara,41.00527,28.97696
842,863,34,İstanbul,Ümraniye,Sahibinden 2013 1.5dci fluence otomatik,301.0,TL,Marmara,41.00527,28.97696
843,306,34,İstanbul,Üsküdar,otomatik 2013 fluence,317.5,TL,Marmara,41.00527,28.97696
844,893,34,İstanbul,Şişli,Tamiz fluence,385.0,TL,Marmara,41.00527,28.97696
845,798,35,İzmir,Aliağa,HATASIZ BOYASIZ FLUENCE PRESTİJ SUNROOF XENON FAR ELK EL FRENİ,463.0,TL,Ege,38.41885,27.12872
846,810,35,İzmir,Balçova,OTOMATİK SEVENLERE GELSİN,415.0,TL,Ege,38.41885,27.12872
847,918,35,İzmir,Balçova,2011 Model Renault Fluence,272.8,TL,Ege,38.41885,27.12872
848,520,35,İzmir,Bayraklı,MELİKŞAHTAN EXTREME EDİTİON ÇOK TEMİZ BAKIMLI,289.0,TL,Ege,38.41885,27.12872
849,601,35,İzmir,Bayraklı,Aracım temiz,300.0,TL,Ege,38.41885,27.12872
850,700,35,İzmir,Bergama,Temiz Aile araci,443.0,TL,Ege,38.41885,27.12872
851,103,35,İzmir,Bornova,HATASIZ+BOY­ASIZ+DÜŞÜK KM+EDC+FULL+110HP,385.0,TL,Ege,38.41885,27.12872
852,742,35,İzmir,Bornova,2010 110 luk fulance,290.0,TL,Ege,38.41885,27.12872
853,784,35,İzmir,Bornova,Değişensiz Fluence,360.0,TL,Ege,38.41885,27.12872
854,907,35,İzmir,Bornova,TERTEMİZ MAKAM FLUENCE,362.0,TL,Ege,38.41885,27.12872
855,261,35,İzmir,Buca,SAHİBİNDEN TEMİZ AİLE ARACI DİZEL OTOMATİK,332.9,TL,Ege,38.41885,27.12872
856,913,35,İzmir,Buca,ECE OTOMOTİV DEN 1.6 PRİVİLİGE FULUANCE LPGLİ,327.0,TL,Ege,38.41885,27.12872
857,18,35,İzmir,Gaziemir,80 BİN PEŞİNAT 60 AY VADE İLE 2012 RENULT FLUENCE DİZEL MASRAFSZ,259.999,TL,Ege,38.41885,27.12872
858,270,35,İzmir,Gaziemir,_FEMEKS MOTORS_2014 OTOMATİK/DEĞİŞENSİZ/­TRAMERSİZ/190.000KM,365.0,TL,Ege,38.41885,27.12872
859,444,35,İzmir,Gaziemir,İLK SAHİBİNDEN SANRUFLU EXPRESSİON PAKET,310.0,TL,Ege,38.41885,27.12872
860,485,35,İzmir,Gaziemir,DEĞİŞENSİZ TRAMERSİZ OTOMATİK FLUENCE,339.0,TL,Ege,38.41885,27.12872
861,501,35,İzmir,Gaziemir,2013 MODEL FLUANCE 1.5DCİ TOUCH PAKET 130.000KM TEMİZ BAKIMLI,328.0,TL,Ege,38.41885,27.12872
862,514,35,İzmir,Gaziemir,ÇOBAN OTOMOTİV'DEN 2012 RENAULT FLUENCE PRİVİLEGE SUNROOF 6İLERİ,345.0,TL,Ege,38.41885,27.12872
863,549,35,İzmir,Gaziemir,_FEMEKS MOTORS_2015 DEĞİŞENSİZ/TRAM­ERSİZ/157.000KM,385.0,TL,Ege,38.41885,27.12872
864,558,35,İzmir,Gaziemir,Renault Fluence Sedan 1.5 DCI Extreme,359.9,TL,Ege,38.41885,27.12872
865,771,35,İzmir,Gaziemir,FIAT POYRAZ OTOMOTİV 2013 MODEL RENAULT FLUENCE TOUCH 1.5 DCI,357.9,TL,Ege,38.41885,27.12872
866,790,35,İzmir,Karabağlar,"Degişensiz icon dizel otomatik fluence 159.000km,,,",435.0,TL,Ege,38.41885,27.12872
867,75,35,İzmir,Karşıyaka,2011 FLUANCE COK TEMİZ BAKIMLI ARACIM AZ YAKIT OTOMATİK VİTES,283.0,TL,Ege,38.41885,27.12872
868,310,35,İzmir,Karşıyaka,DİZEL OTOMATİK FLUENCE HATASIZ BOYASIZ MASRAFSIZ,353.0,TL,Ege,38.41885,27.12872
869,358,35,İzmir,Karşıyaka,235.000 km'de 2015 Model Fluence,388.0,TL,Ege,38.41885,27.12872
870,484,35,İzmir,Karşıyaka,Hatasız Boyasız Otomatik Fluence,480.0,TL,Ege,38.41885,27.12872
871,88,35,İzmir,Konak,DEĞİŞENSİZ BAKIMLI SAHİBİNDEN,275.0,TL,Ege,38.41885,27.12872
872,462,35,İzmir,Konak,2016 FLUENCE 1.5 DCI / TOUCH / OTOMATİK / BOYASIZ / TRAMERSİZ,415.0,TL,Ege,38.41885,27.12872
873,822,35,İzmir,Konak,*****2016 MODEL TOUCH*****,312.9,TL,Ege,38.41885,27.12872
874,203,35,İzmir,Menderes,hatasız boyasız,383.0,TL,Ege,38.41885,27.12872
875,689,35,İzmir,Menderes,HATASIZ KAZASIZ TRAMERSİZ FLUANCE,374.0,TL,Ege,38.41885,27.12872
876,183,35,İzmir,Menemen,türünün son örneği,375.0,TL,Ege,38.41885,27.12872
877,352,35,İzmir,Menemen,2014 MODEL OTOMATİK HATASIZ FLUENCE SAYGIN OTO,397.0,TL,Ege,38.41885,27.12872
878,639,35,İzmir,Menemen,İcon paket,410.0,TL,Ege,38.41885,27.12872
879,938,35,İzmir,Menemen,Düşük km li bakımları serviste,405.0,TL,Ege,38.41885,27.12872
880,63,35,İzmir,Tire,2011 RENAULT FLUENCE 1.6 LPG 133 KM BAKIMLI MASRAFSIZ,300.0,TL,Ege,38.41885,27.12872
881,368,35,İzmir,Tire,DEĞİŞEN TRAMER YOK! ÇELİK JANT SİS FARI DİZEL OTOMATİK FLUENCE,439.9,TL,Ege,38.41885,27.12872
882,124,35,İzmir,Torbalı,SAHİBİNDEN HATASIZ HASAR KAYITSIZ FLUENCE,357.0,TL,Ege,38.41885,27.12872
883,351,35,İzmir,Torbalı,2010 DEĞİŞENSİZ TEMİZ RENAULT FLUENCE 1.5 DCİ PRİVİLEGE MANUEL,332.0,TL,Ege,38.41885,27.12872
884,855,35,İzmir,Çeşme,RENAULT FLUENCE İKON FUL+FUL PİRESTİJ PAKET,425.0,TL,Ege,38.41885,27.12872
885,853,35,İzmir,Çiğli,100 binde 1.6 privilege otomatik,380.0,TL,Ege,38.41885,27.12872
886,824,63,Şanlıurfa,Akçakale,5 yıllık sahibinden düşük kilometre hatasız,348.5,TL,Guney Dogu,37.15,38.8
887,521,63,Şanlıurfa,Ceylanpınar,BOYA DEĞİŞEN HASAR YOK PLAKA (34 RECEP TAYİP 1994) PRESTİJ PAKET,498.0,TL,Guney Dogu,37.15,38.8
888,9,63,Şanlıurfa,Eyyübiye,Gündüzalp otomotiv den,423.5,TL,Guney Dogu,37.15,38.8
889,53,63,Şanlıurfa,Eyyübiye,bu numaradan ulaşabilirsiniz Kadir bey 05416065863,435.0,TL,Guney Dogu,37.15,38.8
890,79,63,Şanlıurfa,Eyyübiye,tam bir aile arabası hatasız boyasız,362.0,TL,Guney Dogu,37.15,38.8
891,96,63,Şanlıurfa,Eyyübiye,İMAMOĞLU AUTO DAN HATASIZ SADECE 145 km,380.0,TL,Guney Dogu,37.15,38.8
892,100,63,Şanlıurfa,Eyyübiye,Bundan dolusu piyasada yok,365.0,TL,Guney Dogu,37.15,38.8
893,106,63,Şanlıurfa,Eyyübiye,HATASIZ BOYASIZ SERVİS BAKIMLI TOUC PLAS,379.0,TL,Guney Dogu,37.15,38.8
894,115,63,Şanlıurfa,Eyyübiye,EMSALSİZ TEMİZLİKTE FLUENCE,453.0,TL,Guney Dogu,37.15,38.8
895,234,63,Şanlıurfa,Eyyübiye,AZ KM 2014 MODEL FLUENCE İCON 110 LUK ÇOK TEMİZ,380.0,TL,Guney Dogu,37.15,38.8
896,273,63,Şanlıurfa,Eyyübiye,158 bin kilometre,285.0,TL,Guney Dogu,37.15,38.8
897,327,63,Şanlıurfa,Eyyübiye,İMAMOĞLU AUTO DAN EMSALSİZ,400.0,TL,Guney Dogu,37.15,38.8
898,342,63,Şanlıurfa,Eyyübiye,2015 HATASIZ BOYASIZ RENAULT FLUENCE 1.5 ICON 110HP OTOMATİK,455.0,TL,Guney Dogu,37.15,38.8
899,362,63,Şanlıurfa,Eyyübiye,CANBEYLİ OTOMOTİV DEN 2016 MODEL RENAULT FULUNCE İCON DUSUK KM,475.0,TL,Guney Dogu,37.15,38.8
900,406,63,Şanlıurfa,Eyyübiye,Hatasız boyasıZ ilk el,405.0,TL,Guney Dogu,37.15,38.8
901,414,63,Şanlıurfa,Eyyübiye,SEVİLEN AUTO dan RENAULT FULUENCE ÇOK GÜZEL ARAÇ,298.0,TL,Guney Dogu,37.15,38.8
902,417,63,Şanlıurfa,Eyyübiye,2016 MODEL TORCH BOYASIZ HATASIZ,359.0,TL,Guney Dogu,37.15,38.8
903,507,63,Şanlıurfa,Eyyübiye,246.000 Km'de Touch,355.0,TL,Guney Dogu,37.15,38.8
904,560,63,Şanlıurfa,Eyyübiye,SAHİBİNDEN BOYASIZ DEĞİŞENSİZ TRAMERSİZ HATASIZ,363.0,TL,Guney Dogu,37.15,38.8
905,694,63,Şanlıurfa,Eyyübiye,EKN MOTORS-BEJ DÖŞEME-OTOMO­TİK-FLUENCE,325.0,TL,Guney Dogu,37.15,38.8
906,193,63,Şanlıurfa,Haliliye,ÇİFTÇİ-GALERİ-2015-T­HOC-HATASIZ-BOYASIZ,375.0,TL,Guney Dogu,37.15,38.8
907,200,63,Şanlıurfa,Haliliye,Temiz flunce,240.0,TL,Guney Dogu,37.15,38.8
908,230,63,Şanlıurfa,Haliliye,TOSUN AUTO'DAN HATASIZ BOYASIZ TRAMERSİZ EXTREME İÇİ BEJ,305.0,TL,Guney Dogu,37.15,38.8
909,332,63,Şanlıurfa,Haliliye,"""HAN AUTO"" dan 2013 MODEL FLUENCE 1.5 DCİ JOY PAKET HASARSIZ",335.0,TL,Guney Dogu,37.15,38.8
910,333,63,Şanlıurfa,Haliliye,Brodvay parasına flunens,200.0,TL,Guney Dogu,37.15,38.8
911,510,63,Şanlıurfa,Haliliye,6 İLERİ 110 HP BAKIMLI FLUENCE,250.0,TL,Guney Dogu,37.15,38.8
912,512,63,Şanlıurfa,Haliliye,SMART MOTORS dan 110 Luk dinamik fuluens,305.0,TL,Guney Dogu,37.15,38.8
913,544,63,Şanlıurfa,Haliliye,SAHİBİNDEN HASARSIZ...,284.5,TL,Guney Dogu,37.15,38.8
914,605,63,Şanlıurfa,Haliliye,Tertemiz ikon paket,480.0,TL,Guney Dogu,37.15,38.8
915,645,63,Şanlıurfa,Haliliye,sahibinden temiz Fullunce,380.0,TL,Guney Dogu,37.15,38.8
916,658,63,Şanlıurfa,Haliliye,2010 MODEL RENAULT FLUENCE PRİVİLEGE 6 İLERİ,260.0,TL,Guney Dogu,37.15,38.8
917,705,63,Şanlıurfa,Haliliye,HATASIZ BOYASIZ TOUCH PAKET,405.0,TL,Guney Dogu,37.15,38.8
918,821,63,Şanlıurfa,Haliliye,NAVİGASYON TAM DERİ,365.0,TL,Guney Dogu,37.15,38.8
919,826,63,Şanlıurfa,Haliliye,2011 MODEL FLUENCE HATASIZ BOYASIZ,280.0,TL,Guney Dogu,37.15,38.8
920,881,63,Şanlıurfa,Haliliye,SOYDAŞ PLAZADAN ÇOOK TEMİZ FLUANCE BENZİN LPG FULL BAKIMLI,289.0,TL,Guney Dogu,37.15,38.8
921,179,63,Şanlıurfa,Karaköprü,BEYAZ PLAZA'DAN 2012 MODEL RN FLUENCE DÜŞÜK KM DEĞİŞENSİZ,250.0,TL,Guney Dogu,37.15,38.8
922,315,63,Şanlıurfa,Karaköprü,RENAULT FLUENCE 1.5DCİ TOUCH EMSALSİZ TEMİZLİKTE,347.0,TL,Guney Dogu,37.15,38.8
923,337,63,Şanlıurfa,Karaköprü,ARACİMİZ 2013 MODEL RENAULT FLUENCE 90 TOUCH PLUS PAKET,315.0,TL,Guney Dogu,37.15,38.8
924,641,63,Şanlıurfa,Karaköprü,Fluence toch Plas otomatik,340.0,TL,Guney Dogu,37.15,38.8
925,675,63,Şanlıurfa,Karaköprü,ARACIMIZ 2016 MODEL RENAULT FLUENCE TOUCH BOYASIZ HATASIZ,450.0,TL,Guney Dogu,37.15,38.8
926,865,63,Şanlıurfa,Karaköprü,BOYASIZ HASAR KAYITSIZ FIRSAT ARACI..!!,374.0,TL,Guney Dogu,37.15,38.8
927,166,63,Şanlıurfa,Siverek,151 bin. temiz tüm bakımları yapılmıştır.pazarlık payivardır,385.0,TL,Guney Dogu,37.15,38.8
928,254,63,Şanlıurfa,Siverek,2016 FLUENCE 1.5 DCI /TOUCH OTOMOTİK,385.0,TL,Guney Dogu,37.15,38.8
929,423,63,Şanlıurfa,Siverek,Hatasız Ayarında Düşük Kilometre,375.0,TL,Guney Dogu,37.15,38.8
930,659,63,Şanlıurfa,Siverek,2015 OTOMATİK TEMİZ BAKIMLI,386.5,TL,Guney Dogu,37.15,38.8
931,663,63,Şanlıurfa,Siverek,ÖZBAL AUTO DAN HATASIZ BOYASIZ SIFIR AYARINDA,425.0,TL,Guney Dogu,37.15,38.8
932,397,63,Şanlıurfa,Viranşehir,NEHİR'DEN 2016 İCON NOKTA HATASIZ BOYASIZ 143 BINDE SIFIR GİBİ,480.0,TL,Guney Dogu,37.15,38.8
933,433,63,Şanlıurfa,Viranşehir,Fluence dinamik hatasız,395.0,TL,Guney Dogu,37.15,38.8
934,479,63,Şanlıurfa,Viranşehir,Ömer oğlu otomotiv,360.0,TL,Guney Dogu,37.15,38.8
935,582,63,Şanlıurfa,Viranşehir,Sıfır ayarında,542.5,TL,Guney Dogu,37.15,38.8
936,861,63,Şanlıurfa,Viranşehir,Hatasız boyasız sıfır ayarında 147 binde icon bej,449.0,TL,Guney Dogu,37.15,38.8
937,13,73,Şırnak,Cizre,2012 extrem edişın,250.0,TL,Guney Dogu,37.5163889,42.4611111
938,107,73,Şırnak,Cizre,Fluence Renault,355.0,TL,Guney Dogu,37.5163889,42.4611111
939,303,73,Şırnak,Cizre,2016 MODEL ÇIKIŞLI OTOMATİK VİTES ÇOK TEMİZ DİRİ,368.0,TL,Guney Dogu,37.5163889,42.4611111
940,83,73,Şırnak,Merkez,2014 model dizel otomatik,330.0,TL,Guney Dogu,37.5163889,42.4611111
